player,squad,pos,age,minutes,nineties,att_gls_p90,att_ast_p90,att_sh_p90,att_crs_p90,def_int_p90,def_tklw_p90,disc_fls_p90,disc_fld_p90,disc_crdy_p90,has_zero_shots,att_sot_pct,raw_gls,raw_ast,raw_sh,raw_crs,raw_int,raw_tklw,raw_fls,raw_fld,raw_crdy
Virgil van Dijk,Liverpool,DF,34.0,3420,38.0,0.15789473684210525,0.0,0.7894736842105263,0.02631578947368421,0.6842105263157895,0.39473684210526316,0.5,0.47368421052631576,0.10526315789473684,False,46.7,6,0,30,1,26,15,19,18,4
James Garner,Everton,"MF,DF",24.0,3413,37.9,0.052770448548812667,0.18469656992084432,1.187335092348285,5.408970976253299,1.503957783641161,1.899736147757256,1.029023746701847,1.108179419525066,0.316622691292876,False,31.1,2,7,45,205,57,72,39,42,12
Jarrod Bowen,West Ham United,"MF,FW",28.0,3403,37.8,0.2380952380952381,0.29100529100529104,2.08994708994709,3.915343915343916,0.7142857142857143,0.7407407407407408,0.5026455026455027,1.2962962962962965,0.10582010582010583,False,35.4,9,11,79,148,27,28,19,49,4
Adrien Truffert,Bournemouth,DF,23.0,3379,37.5,0.02666666666666667,0.13333333333333333,0.4266666666666667,3.7866666666666666,1.1466666666666667,1.36,1.04,0.8533333333333334,0.13333333333333333,False,37.5,1,5,16,142,43,51,39,32,5
Nikola Milenković,Nottingham Forest,DF,27.0,3375,37.5,0.0,0.0,0.4266666666666667,0.05333333333333334,0.7733333333333333,0.5066666666666667,0.56,0.5333333333333333,0.16,False,6.3,0,0,16,2,29,19,21,20,6
Elliot Anderson,Nottingham Forest,MF,22.0,3331,37.0,0.10810810810810811,0.10810810810810811,1.1891891891891893,4.72972972972973,1.1081081081081081,1.6216216216216217,1.5405405405405406,2.1621621621621623,0.21621621621621623,False,22.7,4,4,44,175,41,60,57,80,8
James Tarkowski,Everton,DF,32.0,3330,37.0,0.05405405405405406,0.08108108108108109,0.5405405405405406,0.1891891891891892,0.7837837837837838,0.8108108108108109,0.8648648648648649,0.9459459459459459,0.21621621621621623,False,50.0,2,3,20,7,29,30,32,35,8
Marcos Senesi,Bournemouth,DF,28.0,3288,36.5,0.0,0.136986301369863,0.4657534246575342,0.7671232876712328,1.36986301369863,0.9315068493150684,0.958904109589041,1.0136986301369864,0.2191780821917808,False,29.4,0,5,17,28,50,34,35,37,8
Igor Thiago,Brentford,FW,24.0,3282,36.5,0.6027397260273972,0.0273972602739726,2.3013698630136985,0.5205479452054794,0.3287671232876712,0.5753424657534246,2.0273972602739727,0.7123287671232876,0.1917808219178082,False,51.2,22,1,84,19,12,21,74,26,7
Morgan Rogers,Aston Villa,MF,23.0,3280,36.4,0.27472527472527475,0.16483516483516483,2.307692307692308,1.4010989010989012,0.35714285714285715,0.6318681318681318,1.2637362637362637,1.3461538461538463,0.19230769230769232,False,38.1,10,6,84,51,13,23,46,49,7
Michael Kayode,Brentford,DF,21.0,3258,36.2,0.027624309392265192,0.027624309392265192,0.24861878453038672,1.5469613259668507,1.0773480662983426,1.298342541436464,0.718232044198895,1.3812154696132595,0.22099447513812154,False,33.3,1,1,9,56,39,47,26,50,8
Tyrick Mitchell,Crystal Palace,MF,25.0,3251,36.1,0.027700831024930747,0.055401662049861494,0.5263157894736842,2.880886426592798,0.9141274238227146,1.8005540166204985,0.6648199445983379,0.7756232686980609,0.16620498614958448,False,36.8,1,2,19,104,33,65,24,28,6
Dominik Szoboszlai,Liverpool,"MF,DF",24.0,3231,35.9,0.1671309192200557,0.19498607242339833,1.977715877437326,5.73816155988858,0.807799442896936,0.8913649025069639,1.16991643454039,0.8356545961002786,0.22284122562674097,False,32.4,6,7,71,206,29,32,42,30,8
Luke Shaw,Manchester Utd,DF,30.0,3219,35.8,0.02793296089385475,0.02793296089385475,0.2793296089385475,1.5083798882681565,1.2011173184357542,1.2569832402234637,1.340782122905028,0.558659217877095,0.25139664804469275,False,30.0,1,1,10,54,43,45,48,20,9
Jan Paul van Hecke,Brighton,DF,25.0,3210,35.7,0.08403361344537814,0.08403361344537814,0.6442577030812324,0.6442577030812324,1.2605042016806722,0.8683473389355741,0.7563025210084033,1.2044817927170868,0.25210084033613445,False,43.5,3,3,23,23,45,31,27,43,9
Neco Williams,Nottingham Forest,DF,24.0,3204,35.6,0.056179775280898875,0.08426966292134831,1.2921348314606742,4.01685393258427,1.2921348314606742,1.7134831460674156,0.8146067415730337,1.4606741573033708,0.16853932584269662,False,41.3,2,3,46,143,46,61,29,52,6
Ferdi Kadioglu,Brighton,"DF,MF",25.0,3133,34.8,0.02873563218390805,0.0,0.8045977011494253,3.1321839080459775,0.7183908045977012,1.120689655172414,0.632183908045977,1.0344827586206897,0.1724137931034483,False,46.4,1,0,28,109,25,39,22,36,6
Jake O'Brien,Everton,DF,24.0,3120,34.7,0.02881844380403458,0.02881844380403458,0.37463976945244953,1.4121037463976944,0.37463976945244953,0.9221902017291066,0.6628242074927954,0.48991354466858783,0.17291066282420747,False,46.2,1,1,13,49,13,32,23,17,6
Ethan Ampadu,Leeds United,MF,24.0,3119,34.7,0.02881844380403458,0.02881844380403458,0.7492795389048991,0.7204610951008645,1.440922190201729,1.3256484149855907,1.440922190201729,1.037463976945245,0.2881844380403458,False,23.1,1,1,26,25,50,46,50,36,10
Enzo Fernández,Chelsea,MF,24.0,3115,34.6,0.2890173410404624,0.11560693641618497,2.0809248554913293,2.5722543352601157,0.5780346820809248,0.6936416184971098,1.0404624277456647,1.3005780346820808,0.2890173410404624,False,43.1,10,4,72,89,20,24,36,45,10
Morgan Gibbs-White,Nottingham Forest,MF,25.0,3097,34.4,0.436046511627907,0.11627906976744186,2.412790697674419,1.2209302325581395,0.3488372093023256,0.46511627906976744,0.7558139534883721,1.1918604651162792,0.029069767441860465,False,38.6,15,4,83,42,12,16,26,41,1
Kyle Walker,Burnley,"DF,MF",35.0,3096,34.4,0.0,0.05813953488372093,0.11627906976744186,1.0755813953488373,1.25,0.9302325581395349,0.9302325581395349,0.6395348837209303,0.2616279069767442,False,0.0,0,2,4,37,43,32,32,22,9
Declan Rice,Arsenal,MF,26.0,3094,34.4,0.11627906976744186,0.14534883720930233,1.1627906976744187,5.145348837209302,0.9593023255813954,0.9593023255813954,0.7558139534883721,0.31976744186046513,0.0872093023255814,False,32.5,4,5,40,177,33,33,26,11,3
Ibrahima Konaté,Liverpool,DF,26.0,3090,34.3,0.02915451895043732,0.0,0.34985422740524785,0.08746355685131196,0.8163265306122449,0.9037900874635569,0.9620991253644315,1.1953352769679302,0.20408163265306123,False,33.3,1,0,12,3,28,31,33,41,7
Maxence Lacroix,Crystal Palace,DF,25.0,3085,34.3,0.02915451895043732,0.05830903790087464,0.728862973760933,0.1457725947521866,1.3119533527696794,1.1078717201166182,0.9912536443148688,0.5539358600583091,0.11661807580174928,False,28.0,1,2,25,5,45,38,34,19,4
Bruno Fernandes,Manchester Utd,MF,30.0,3063,34.0,0.2647058823529412,0.6176470588235294,2.5,5.323529411764706,0.6176470588235294,1.0294117647058822,0.7058823529411765,1.0294117647058822,0.14705882352941177,False,28.2,9,21,85,181,21,35,24,35,5
Micky van de Ven,Tottenham Hotspur,DF,24.0,3041,33.8,0.1183431952662722,0.02958579881656805,0.4733727810650888,0.08875739644970415,0.6213017751479291,0.591715976331361,0.8284023668639054,0.6508875739644971,0.26627218934911245,False,37.5,4,1,16,3,21,20,28,22,9
Trai Hume,Sunderland,"DF,MF",23.0,3036,33.7,0.05934718100890207,0.029673590504451036,1.0089020771513353,2.611275964391691,0.7418397626112759,1.3649851632047476,0.890207715133531,1.1275964391691393,0.2670623145400593,False,20.6,2,1,34,88,25,46,30,38,9
Ezri Konsa,Aston Villa,DF,27.0,3035,33.7,0.0,0.0,0.32640949554896137,0.14836795252225518,0.6528189910979227,0.2373887240356083,0.32640949554896137,1.2462908011869436,0.0,False,18.2,0,0,11,5,22,8,11,42,0
Mateus Fernandes,West Ham United,MF,21.0,3016,33.5,0.08955223880597014,0.11940298507462686,0.835820895522388,1.5223880597014925,1.0746268656716418,2.0,1.462686567164179,1.462686567164179,0.208955223880597,False,28.6,3,4,28,51,36,67,49,49,7
Matty Cash,Aston Villa,DF,27.0,3014,33.5,0.08955223880597014,0.08955223880597014,0.8955223880597015,3.91044776119403,0.7164179104477612,0.9552238805970149,1.2537313432835822,0.8955223880597015,0.26865671641791045,False,33.3,3,3,30,131,24,32,42,30,9
Martín Zubimendi,Arsenal,MF,26.0,2992,33.2,0.1506024096385542,0.03012048192771084,0.8132530120481927,0.39156626506024095,1.1746987951807228,1.1746987951807228,0.9939759036144578,0.4518072289156626,0.12048192771084336,False,33.3,5,1,27,13,39,39,33,15,4
Ryan Gravenberch,Liverpool,MF,23.0,2992,33.2,0.1506024096385542,0.09036144578313252,1.1445783132530118,0.24096385542168672,1.325301204819277,1.0542168674698795,1.1445783132530118,1.2650602409638554,0.1506024096385542,False,34.2,5,3,38,8,44,35,38,42,5
Nathan Collins,Brentford,DF,24.0,2975,33.1,0.030211480362537763,0.060422960725075525,0.6042296072507553,0.030211480362537763,1.0876132930513596,0.39274924471299094,0.6042296072507553,0.5135951661631419,0.21148036253776434,False,30.0,1,2,20,1,36,13,20,17,7
Malick Thiaw,Newcastle United,DF,23.0,2965,32.9,0.12158054711246201,0.0,0.851063829787234,0.27355623100303955,0.9118541033434651,1.033434650455927,0.729483282674772,0.3343465045592705,0.12158054711246201,False,50.0,4,0,28,9,30,34,24,11,4
Vitaliy Mykolenko,Everton,DF,26.0,2958,32.9,0.0,0.030395136778115502,0.27355623100303955,2.8267477203647418,0.8206686930091186,0.7598784194528876,0.8814589665653496,0.851063829787234,0.182370820668693,False,22.2,0,1,9,93,27,25,29,28,6
Erling Haaland,Manchester City,FW,25.0,2953,32.8,0.8231707317073171,0.24390243902439027,3.8414634146341466,0.09146341463414635,0.12195121951219513,0.2134146341463415,0.7317073170731708,0.7621951219512195,0.06097560975609757,False,46.8,27,8,126,3,4,7,24,25,2
Joe Rodon,Leeds United,DF,27.0,2951,32.8,0.06097560975609757,0.0,0.5487804878048781,0.1829268292682927,0.9146341463414634,0.5792682926829269,0.5182926829268293,0.5792682926829269,0.09146341463414635,False,38.9,2,0,18,6,30,19,17,19,3
Pascal Struijk,Leeds United,DF,25.0,2936,32.6,0.0,0.03067484662576687,0.950920245398773,0.06134969325153374,0.9815950920245399,0.6748466257668712,0.8282208588957055,0.6748466257668712,0.15337423312883436,False,16.1,0,1,31,2,32,22,27,22,5
Maxime Estève,Burnley,DF,23.0,2932,32.6,0.0,0.0,0.3067484662576687,0.18404907975460122,1.1349693251533741,0.8282208588957055,0.3987730061349693,0.36809815950920244,0.03067484662576687,False,10.0,0,0,10,6,37,27,13,12,1
Enzo Le Fée,Sunderland,"MF,FW",25.0,2930,32.6,0.15337423312883436,0.18404907975460122,1.1042944785276072,3.0061349693251533,0.8588957055214723,1.7177914110429446,0.950920245398773,1.1349693251533741,0.15337423312883436,False,33.3,5,6,36,98,28,56,31,37,5
Sander Berge,Fulham,MF,27.0,2905,32.3,0.0,0.030959752321981428,0.43343653250774,0.40247678018575855,0.8049535603715171,1.2693498452012384,1.08359133126935,0.43343653250774,0.15479876160990713,False,21.4,0,1,14,13,26,41,35,14,5
Granit Xhaka,Sunderland,MF,32.0,2904,32.3,0.030959752321981428,0.18575851393188855,0.65015479876161,3.0650154798761613,0.8978328173374613,1.021671826625387,0.7120743034055729,1.238390092879257,0.24767801857585142,False,23.8,1,6,21,99,29,33,23,40,8
Noah Sadiki,Sunderland,MF,20.0,2889,32.1,0.0,0.03115264797507788,0.5919003115264797,0.6542056074766355,1.02803738317757,0.8099688473520249,0.9657320872274143,1.2461059190031152,0.2803738317757009,False,26.3,0,1,19,21,33,26,31,40,9
Joachim Andersen,Fulham,DF,29.0,2875,31.9,0.0,0.031347962382445145,0.5015673981191223,0.4702194357366771,1.0658307210031348,0.8150470219435737,0.9404388714733543,0.40752351097178685,0.219435736677116,False,25.0,0,1,16,15,34,26,30,13,7
Bernardo Silva,Manchester City,MF,30.0,2872,31.9,0.06269592476489029,0.12539184952978058,0.9404388714733543,2.2570532915360504,0.658307210031348,0.877742946708464,1.1285266457680252,0.6896551724137931,0.31347962382445144,False,23.3,2,4,30,72,21,28,36,22,10
Matheus Nunes,Manchester City,DF,26.0,2862,31.8,0.031446540880503145,0.15723270440251572,0.22012578616352202,2.1069182389937104,0.9119496855345912,1.2893081761006289,0.5345911949685535,0.9433962264150944,0.15723270440251572,False,28.6,1,5,7,67,29,41,17,30,5
Alex Scott,Bournemouth,MF,21.0,2849,31.7,0.09463722397476342,0.031545741324921134,1.38801261829653,2.77602523659306,1.1041009463722398,1.1987381703470033,1.4195583596214512,1.8927444794952681,0.15772870662460567,False,29.5,3,1,44,88,35,38,45,60,5
Ollie Watkins,Aston Villa,FW,29.0,2839,31.5,0.5079365079365079,0.09523809523809523,2.634920634920635,0.2222222222222222,0.15873015873015872,0.4444444444444444,1.1111111111111112,1.0158730158730158,0.12698412698412698,False,45.8,16,3,83,7,5,14,35,32,4
Lewis Dunk,Brighton,DF,33.0,2838,31.5,0.031746031746031744,0.0,0.7301587301587301,0.15873015873015872,0.9523809523809523,0.6984126984126984,0.4444444444444444,0.38095238095238093,0.31746031746031744,False,13.0,1,0,23,5,30,22,14,12,10
João Gomes,Wolves,MF,24.0,2829,31.4,0.03184713375796178,0.03184713375796178,0.6050955414012739,0.9872611464968153,1.1464968152866242,2.1656050955414012,2.1974522292993632,1.5605095541401275,0.3184713375796179,False,36.8,1,1,19,31,36,68,69,49,10
Chris Richards,Crystal Palace,DF,25.0,2827,31.4,0.03184713375796178,0.0,0.47770700636942676,0.445859872611465,1.3694267515923568,1.1146496815286624,0.5414012738853503,0.15923566878980894,0.12738853503184713,False,13.3,1,0,15,14,43,35,17,5,4
Omar Alderete,Sunderland,DF,28.0,2798,31.1,0.03215434083601286,0.03215434083601286,0.7717041800643086,0.35369774919614144,1.157556270096463,0.5787781350482315,1.0932475884244373,0.3215434083601286,0.19292604501607716,False,37.5,1,1,24,11,36,18,34,10,6
Pedro Porro,Tottenham Hotspur,DF,25.0,2796,31.1,0.03215434083601286,0.06430868167202572,1.0289389067524115,7.459807073954984,0.9967845659163986,1.607717041800643,1.0289389067524115,0.8360128617363344,0.3215434083601286,False,25.0,1,2,32,232,31,50,32,26,10
Moisés Caicedo,Chelsea,MF,23.0,2795,31.1,0.09646302250803858,0.03215434083601286,0.8681672025723473,0.2572347266881029,1.8971061093247588,1.5112540192926045,1.7363344051446945,1.7684887459807073,0.35369774919614144,False,25.9,3,1,27,8,59,47,54,55,11
Jayden Bogle,Leeds United,"MF,DF",25.0,2793,31.0,0.03225806451612903,0.06451612903225806,0.5806451612903226,2.161290322580645,0.967741935483871,1.3870967741935485,1.2580645161290323,0.9354838709677419,0.1935483870967742,False,22.2,1,2,18,67,30,43,39,29,6
Nordi Mukiele,Sunderland,DF,27.0,2784,30.9,0.0970873786407767,0.0970873786407767,0.8414239482200647,2.750809061488673,1.197411003236246,1.4563106796116505,1.132686084142395,0.8414239482200647,0.16181229773462785,False,15.4,3,3,26,85,37,45,35,26,5
Trevoh Chalobah,Chelsea,DF,26.0,2783,30.9,0.0970873786407767,0.0,0.5177993527508091,0.16181229773462785,1.197411003236246,0.7119741100323624,0.6472491909385114,0.5825242718446603,0.0970873786407767,False,31.3,3,0,16,5,37,22,20,18,3
Iliman Ndiaye,Everton,MF,25.0,2778,30.9,0.1941747572815534,0.0970873786407767,1.3915857605177995,1.7799352750809063,0.5501618122977346,1.2944983818770228,0.970873786407767,1.197411003236246,0.06472491909385114,False,51.2,6,3,43,55,17,40,30,37,2
Sepp van den Berg,Brentford,DF,23.0,2763,30.7,0.0,0.06514657980456026,0.749185667752443,0.0,0.8469055374592834,0.2931596091205212,0.48859934853420195,0.3583061889250814,0.06514657980456026,False,30.4,0,2,23,0,26,9,15,11,2
André,Wolves,MF,24.0,2762,30.7,0.03257328990228013,0.0,0.48859934853420195,1.3029315960912053,0.8143322475570033,1.3680781758957654,1.5309446254071661,1.4006514657980456,0.39087947882736157,False,6.7,1,0,15,40,25,42,47,43,12
Gabriel Magalhães,Arsenal,DF,27.0,2751,30.6,0.09803921568627451,0.13071895424836602,0.8823529411764706,0.19607843137254902,0.7189542483660131,0.6535947712418301,0.6862745098039216,1.1111111111111112,0.13071895424836602,False,25.9,3,4,27,6,22,20,21,34,4
Kevin Schade,Brentford,"MF,FW",23.0,2745,30.5,0.26229508196721313,0.09836065573770492,1.8688524590163935,0.7540983606557377,0.6229508196721312,0.8852459016393442,1.639344262295082,1.4098360655737705,0.19672131147540983,False,42.1,8,3,57,23,19,27,50,43,6
Evanilson,Bournemouth,FW,25.0,2742,30.5,0.19672131147540983,0.03278688524590164,2.360655737704918,0.09836065573770492,0.19672131147540983,0.16393442622950818,0.8524590163934426,1.2131147540983607,0.06557377049180328,False,31.9,6,1,72,3,6,5,26,37,2
Cody Gakpo,Liverpool,"MF,FW",26.0,2737,30.4,0.23026315789473686,0.16447368421052633,2.861842105263158,2.8289473684210527,0.39473684210526316,0.493421052631579,1.381578947368421,1.4473684210526316,0.09868421052631579,False,24.1,7,5,87,86,12,15,42,44,3
Marcus Tavernier,Bournemouth,MF,26.0,2732,30.4,0.23026315789473686,0.13157894736842105,2.3026315789473686,3.75,0.5263157894736842,0.6907894736842105,1.0197368421052633,1.1513157894736843,0.19736842105263158,False,34.3,7,4,70,114,16,21,31,35,6
Jaidon Anthony,Burnley,MF,25.0,2722,30.2,0.26490066225165565,0.06622516556291391,1.8211920529801324,2.6490066225165565,0.5298013245033113,0.695364238410596,0.8940397350993378,1.5562913907284768,0.13245033112582782,False,41.8,8,2,55,80,16,21,27,47,4
Dominic Calvert-Lewin,Leeds United,FW,28.0,2721,30.2,0.4635761589403974,0.033112582781456956,2.4172185430463577,0.2980132450331126,0.16556291390728478,0.13245033112582782,1.490066225165563,1.2251655629139073,0.09933774834437087,False,46.6,14,1,73,9,5,4,45,37,3
El Hadji Malick Diouf,West Ham United,"DF,MF",20.0,2707,30.1,0.0,0.16611295681063123,0.5980066445182723,3.6212624584717608,1.0631229235880397,0.6312292358803986,0.9302325581395349,0.8305647840531561,0.19933554817275748,False,22.2,0,5,18,109,32,19,28,25,6
Marc Cucurella,Chelsea,DF,27.0,2707,30.1,0.03322259136212624,0.13289036544850497,0.6644518272425249,1.3621262458471761,0.9302325581395349,1.3289036544850499,1.495016611295681,0.9634551495016611,0.26578073089700993,False,30.0,1,4,20,41,28,40,45,29,8
Harry Wilson,Fulham,MF,28.0,2673,29.7,0.3367003367003367,0.2356902356902357,2.6262626262626263,3.872053872053872,0.5387205387205387,0.6397306397306397,0.4377104377104377,1.245791245791246,0.2356902356902357,False,32.1,10,7,78,115,16,19,13,37,7
João Pedro,Chelsea,"FW,MF",23.0,2661,29.6,0.5067567567567567,0.16891891891891891,2.4662162162162162,0.6081081081081081,0.2027027027027027,0.5743243243243243,1.2837837837837838,1.8581081081081081,0.16891891891891891,False,38.4,15,5,73,18,6,17,38,55,5
Yehor Yarmoliuk,Brentford,MF,21.0,2659,29.5,0.03389830508474576,0.06779661016949153,0.5423728813559322,1.0169491525423728,0.9491525423728814,1.5593220338983051,1.2542372881355932,0.4067796610169492,0.23728813559322035,False,25.0,1,2,16,30,28,46,37,12,7
Alexis Mac Allister,Liverpool,MF,26.0,2658,29.5,0.06779661016949153,0.13559322033898305,1.7627118644067796,0.6779661016949152,0.6101694915254238,0.9152542372881356,1.1864406779661016,1.0847457627118644,0.23728813559322035,False,23.1,2,4,52,20,18,27,35,32,7
Nico O’Reilly,Manchester City,"DF,MF",20.0,2646,29.4,0.17006802721088435,0.10204081632653061,1.3945578231292517,1.2925170068027212,0.6802721088435374,1.2244897959183674,1.5306122448979593,0.6122448979591837,0.17006802721088435,False,36.6,5,3,41,38,20,36,45,18,5
Gabriel Gudmundsson,Leeds United,"DF,MF",26.0,2631,29.2,0.0,0.0,0.6164383561643836,3.0136986301369864,0.9589041095890412,1.6095890410958904,1.0616438356164384,1.9178082191780823,0.20547945205479454,False,16.7,0,0,18,88,28,47,31,56,6
Pedro Neto,Chelsea,"MF,FW",25.0,2631,29.2,0.17123287671232876,0.20547945205479454,1.5753424657534247,6.301369863013699,0.20547945205479454,0.3767123287671233,0.5821917808219178,0.8561643835616438,0.136986301369863,False,28.3,5,6,46,184,6,11,17,25,4
Kiernan Dewsbury-Hall,Everton,MF,26.0,2626,29.2,0.273972602739726,0.136986301369863,1.3356164383561644,3.8356164383561646,0.4794520547945206,0.8904109589041096,1.095890410958904,1.6438356164383563,0.20547945205479454,False,38.5,8,4,39,112,14,26,32,48,6
William Saliba,Arsenal,DF,24.0,2614,29.0,0.034482758620689655,0.0,0.1724137931034483,0.3103448275862069,0.5172413793103449,0.7931034482758621,0.7586206896551724,0.5517241379310345,0.06896551724137931,False,20.0,1,0,5,9,15,23,22,16,2
Diogo Dalot,Manchester Utd,"DF,MF",26.0,2614,29.0,0.034482758620689655,0.10344827586206896,0.8275862068965517,1.9655172413793103,0.896551724137931,1.0344827586206897,0.8620689655172413,0.4827586206896552,0.1724137931034483,False,25.0,1,3,24,57,26,30,25,14,5
Bryan Mbeumo,Manchester Utd,"MF,FW",25.0,2609,29.0,0.3793103448275862,0.10344827586206896,2.5172413793103448,3.6206896551724137,0.2413793103448276,0.3793103448275862,0.7931034482758621,0.9655172413793104,0.13793103448275862,False,43.8,11,3,73,105,7,11,23,28,4
Michael Keane,Everton,DF,32.0,2591,28.8,0.10416666666666666,0.034722222222222224,0.9375,0.034722222222222224,1.284722222222222,0.8333333333333333,0.5555555555555556,0.20833333333333331,0.034722222222222224,False,25.9,3,1,27,1,37,24,16,6,1
Casemiro,Manchester Utd,MF,33.0,2571,28.6,0.3146853146853147,0.06993006993006992,1.8181818181818181,0.6643356643356643,1.048951048951049,1.5734265734265733,1.6083916083916083,1.2587412587412588,0.3846153846153846,False,34.6,9,2,52,19,30,45,46,36,11
Santiago Bueno,Wolves,DF,26.0,2553,28.4,0.10563380281690142,0.035211267605633804,0.35211267605633806,0.21126760563380284,0.9507042253521127,1.0563380281690142,1.0211267605633803,0.38732394366197187,0.14084507042253522,False,70.0,3,1,10,6,27,30,29,11,4
Adam Wharton,Crystal Palace,MF,21.0,2552,28.4,0.035211267605633804,0.17605633802816903,1.1267605633802817,3.028169014084507,0.9507042253521127,1.267605633802817,1.2323943661971832,1.091549295774648,0.21126760563380284,False,18.8,1,5,32,86,27,36,35,31,6
Sandro Tonali,Newcastle United,MF,25.0,2534,28.2,0.0,0.07092198581560284,1.3120567375886525,3.368794326241135,0.9929078014184397,0.8865248226950355,0.851063829787234,1.4893617021276595,0.14184397163120568,False,21.6,0,2,37,95,28,25,24,42,4
Calvin Bassey,Fulham,DF,25.0,2534,28.2,0.03546099290780142,0.0,0.425531914893617,0.49645390070921985,0.7801418439716312,1.1347517730496455,0.9929078014184397,1.4184397163120568,0.1773049645390071,False,8.3,1,0,12,14,22,32,28,40,5
Konstantinos Mavropanos,West Ham United,DF,27.0,2534,28.2,0.10638297872340426,0.0,0.8156028368794327,0.14184397163120568,1.6666666666666667,0.851063829787234,0.5673758865248227,0.3191489361702128,0.07092198581560284,False,34.8,3,0,23,4,47,24,16,9,2
Matheus Cunha,Manchester Utd,"MF,FW",26.0,2494,27.7,0.36101083032490977,0.07220216606498195,3.2490974729241877,1.7689530685920578,0.7581227436823105,0.8303249097472925,1.0108303249097472,1.9494584837545126,0.1444043321299639,False,38.9,10,2,90,49,21,23,28,54,4
Crysencio Summerville,West Ham United,"MF,FW",23.0,2470,27.4,0.18248175182481752,0.07299270072992702,1.9708029197080292,2.153284671532847,0.5474452554744526,0.9489051094890512,1.7883211678832118,2.445255474452555,0.21897810218978103,False,27.8,5,2,54,59,15,26,49,67,6
Jurriën Timber,Arsenal,DF,24.0,2454,27.3,0.10989010989010989,0.18315018315018314,0.9157509157509157,1.684981684981685,0.8791208791208791,1.282051282051282,1.3919413919413919,1.0622710622710623,0.18315018315018314,False,28.0,3,5,25,46,24,35,38,29,5
Bruno Guimarães,Newcastle United,MF,27.0,2453,27.3,0.32967032967032966,0.18315018315018314,1.5384615384615383,3.0036630036630036,0.5860805860805861,1.5018315018315018,1.6483516483516483,2.7472527472527473,0.21978021978021978,False,54.8,9,5,42,82,16,41,45,75,6
Brenden Aaronson,Leeds United,"MF,FW",24.0,2449,27.2,0.14705882352941177,0.18382352941176472,1.7279411764705883,1.3602941176470589,0.625,0.9926470588235294,0.7352941176470589,1.875,0.11029411764705882,False,36.2,4,5,47,37,17,27,20,51,3
Alex Iwobi,Fulham,MF,29.0,2419,26.9,0.14869888475836432,0.11152416356877325,1.449814126394052,3.271375464684015,0.5576208178438662,0.6691449814126395,0.29739776951672864,0.3717472118959108,0.11152416356877325,False,38.5,4,3,39,88,15,18,8,10,3
Daniel Muñoz,Crystal Palace,MF,29.0,2399,26.7,0.149812734082397,0.11235955056179775,0.9737827715355806,2.3220973782771535,0.898876404494382,1.797752808988764,1.2734082397003745,0.6741573033707865,0.2621722846441948,False,46.2,4,3,26,62,24,48,34,18,7
Yankuba Minteh,Brighton,MF,21.0,2391,26.6,0.11278195488721804,0.15037593984962405,1.5413533834586466,5.977443609022556,0.5639097744360902,1.3909774436090225,1.2030075187969924,0.8270676691729323,0.11278195488721804,False,26.8,3,4,41,159,15,37,32,22,3
Florian Wirtz,Liverpool,MF,22.0,2378,26.4,0.1893939393939394,0.11363636363636365,1.9318181818181819,1.2121212121212122,0.4545454545454546,0.9848484848484849,0.8333333333333334,0.7196969696969697,0.03787878787878788,False,35.3,5,3,51,32,12,26,22,19,1
Anton Stach,Leeds United,MF,26.0,2370,26.3,0.19011406844106463,0.11406844106463879,2.091254752851711,5.893536121673003,0.7224334600760456,1.3307984790874525,1.3688212927756653,0.9125475285171103,0.11406844106463879,False,25.5,5,3,55,155,19,35,36,24,3
Hugo Bueno,Wolves,"MF,DF",22.0,2366,26.3,0.03802281368821293,0.07604562737642585,0.6083650190114068,6.311787072243346,1.2547528517110267,1.3307984790874525,0.6463878326996197,0.9125475285171103,0.11406844106463879,False,37.5,1,2,16,166,33,35,17,24,3
Ladislav Krejčí,Wolves,"DF,MF",26.0,2356,26.2,0.07633587786259542,0.03816793893129771,0.8015267175572519,0.648854961832061,1.2213740458015268,0.8015267175572519,1.2595419847328244,0.26717557251908397,0.19083969465648856,False,47.6,2,1,21,17,32,21,33,7,5
Amad Diallo,Manchester Utd,MF,23.0,2341,26.0,0.07692307692307693,0.11538461538461539,2.0384615384615383,1.7692307692307692,0.5769230769230769,0.8846153846153846,0.9230769230769231,1.4615384615384615,0.07692307692307693,False,43.4,2,3,53,46,15,23,24,38,2
Lesley Ugochukwu,Burnley,MF,21.0,2336,26.0,0.11538461538461539,0.038461538461538464,0.8846153846153846,0.2692307692307692,0.6538461538461539,1.0,1.0769230769230769,1.1538461538461537,0.11538461538461539,False,34.8,3,1,23,7,17,26,28,30,3
Álex Jiménez,Bournemouth,"DF,MF",20.0,2317,25.7,0.038910505836575876,0.0,0.8171206225680934,1.9844357976653697,1.0505836575875487,1.7509727626459144,1.3618677042801557,0.7782101167315175,0.38910505836575876,False,19.0,1,0,21,51,27,45,35,20,10
Igor Jesus,Nottingham Forest,FW,24.0,2298,25.5,0.23529411764705882,0.1568627450980392,2.7450980392156863,0.39215686274509803,0.0784313725490196,0.6274509803921569,1.6470588235294117,1.5686274509803921,0.0784313725490196,False,30.0,6,4,70,10,2,16,42,40,2
Dango Ouattara,Brentford,MF,23.0,2276,25.3,0.2766798418972332,0.11857707509881422,2.2134387351778657,4.229249011857707,0.9486166007905138,0.5533596837944664,1.0671936758893281,1.541501976284585,0.1976284584980237,False,35.7,7,3,56,107,24,14,27,39,5
Malo Gusto,Chelsea,"DF,MF",22.0,2261,25.1,0.0796812749003984,0.1195219123505976,0.4780876494023904,2.3107569721115535,1.195219123505976,0.9163346613545816,0.796812749003984,0.796812749003984,0.199203187250996,False,50.0,2,3,12,58,30,23,20,20,5
Danny Welbeck,Brighton,FW,34.0,2258,25.1,0.5179282868525896,0.0398406374501992,2.231075697211155,0.1195219123505976,0.3187250996015936,0.5577689243027888,1.2350597609561753,0.398406374501992,0.199203187250996,False,50.0,13,1,56,3,8,14,31,10,5
Milos Kerkez,Liverpool,DF,21.0,2257,25.1,0.0796812749003984,0.0398406374501992,0.3585657370517928,3.147410358565737,0.597609561752988,1.0358565737051793,0.8764940239043825,1.195219123505976,0.1593625498007968,False,22.2,2,1,9,79,15,26,22,30,4
Mathias Jensen,Brentford,MF,29.0,2247,25.0,0.12,0.04,1.16,4.96,0.84,0.92,0.8,0.6,0.12,False,27.6,3,1,29,124,21,23,20,15,3
Viktor Gyökeres,Arsenal,FW,27.0,2224,24.7,0.5668016194331984,0.04048582995951417,2.2267206477732793,0.32388663967611336,0.04048582995951417,0.20242914979757085,1.417004048582996,1.2550607287449393,0.20242914979757085,False,40.0,14,1,55,8,1,5,35,31,5
Bukayo Saka,Arsenal,"FW,MF",23.0,2222,24.7,0.2834008097165992,0.20242914979757085,2.8744939271255063,4.939271255060729,0.6477732793522267,0.7692307692307693,1.3360323886639676,2.1862348178137654,0.08097165991902834,False,38.0,7,5,71,122,16,19,33,54,2
Jean-Philippe Mateta,Crystal Palace,FW,28.0,2218,24.6,0.4878048780487805,0.0,2.5609756097560976,0.44715447154471544,0.24390243902439024,0.16260162601626016,0.8536585365853658,0.7723577235772358,0.08130081300813008,False,50.8,12,0,63,11,6,4,21,19,2
Tomáš Souček,West Ham United,MF,30.0,2200,24.4,0.20491803278688525,0.0,1.0655737704918034,0.5737704918032788,0.6557377049180328,0.9426229508196722,1.5163934426229508,0.9016393442622951,0.12295081967213116,False,53.8,5,0,26,14,16,23,37,22,3
João Palhinha,Tottenham Hotspur,MF,30.0,2199,24.4,0.20491803278688525,0.0819672131147541,1.3524590163934427,0.1639344262295082,1.1475409836065575,2.5,1.1475409836065575,1.4754098360655739,0.3278688524590164,False,27.3,5,2,33,4,28,61,28,36,8
Dan Burn,Newcastle United,DF,33.0,2199,24.4,0.04098360655737705,0.0819672131147541,0.4098360655737705,0.5737704918032788,0.819672131147541,1.0655737704918034,1.4754098360655739,0.5327868852459017,0.45081967213114754,False,30.0,1,2,10,14,20,26,36,13,11
Raúl Jiménez,Fulham,FW,34.0,2189,24.3,0.37037037037037035,0.12345679012345678,3.0041152263374484,0.28806584362139914,0.28806584362139914,0.823045267489712,1.8930041152263375,1.3991769547325101,0.205761316872428,False,24.7,9,3,73,7,7,20,46,34,5
Lewis Hall,Newcastle United,DF,20.0,2181,24.2,0.04132231404958678,0.04132231404958678,1.0330578512396695,4.214876033057851,1.1983471074380165,1.28099173553719,0.7024793388429752,1.6528925619834711,0.1652892561983471,False,24.0,1,1,25,102,29,31,17,40,4
Ismaila Sarr,Crystal Palace,MF,27.0,2174,24.2,0.37190082644628103,0.04132231404958678,1.9834710743801653,0.9917355371900827,0.2892561983471075,0.37190082644628103,0.49586776859504134,1.7355371900826446,0.08264462809917356,False,43.8,9,1,48,24,7,9,12,42,2
Daniel Ballard,Sunderland,DF,25.0,2149,23.9,0.08368200836820085,0.0,1.087866108786611,0.041841004184100423,0.8368200836820084,0.7112970711297072,1.2133891213389123,1.2133891213389123,0.1673640167364017,False,34.6,2,0,26,1,20,17,29,29,4
Mohamed Salah,Liverpool,MF,33.0,2146,23.8,0.29411764705882354,0.29411764705882354,2.857142857142857,4.915966386554621,0.12605042016806722,0.5042016806722689,0.42016806722689076,0.6722689075630252,0.04201680672268907,False,27.9,7,7,68,117,3,12,10,16,1
Rúben Dias,Manchester City,DF,28.0,2141,23.8,0.08403361344537814,0.0,0.42016806722689076,0.37815126050420167,0.9663865546218487,0.25210084033613445,0.6302521008403361,0.37815126050420167,0.12605042016806722,False,40.0,2,0,10,9,23,6,15,9,3
John McGinn,Aston Villa,MF,30.0,2137,23.7,0.2109704641350211,0.16877637130801687,1.1814345991561181,3.459915611814346,0.5063291139240507,0.7172995780590717,1.3080168776371308,2.0253164556962027,0.2109704641350211,False,42.9,5,4,28,82,12,17,31,48,5
Yerson Mosquera,Wolves,DF,24.0,2136,23.7,0.0,0.0,1.2658227848101267,0.759493670886076,1.0548523206751055,1.518987341772152,1.4345991561181435,1.8565400843881856,0.5063291139240507,False,20.0,0,0,30,18,25,36,34,44,12
Murillo,Nottingham Forest,DF,23.0,2130,23.7,0.04219409282700422,0.0,0.4641350210970464,0.08438818565400844,1.2236286919831223,0.9704641350210971,0.9704641350210971,0.29535864978902954,0.2109704641350211,False,36.4,1,0,11,2,29,23,23,7,5
Diego Gómez,Brighton,"MF,FW",22.0,2120,23.6,0.211864406779661,0.0423728813559322,1.7796610169491525,0.9745762711864406,0.8050847457627118,2.0762711864406778,2.0762711864406778,0.4661016949152542,0.3813559322033898,False,33.3,5,1,42,23,19,49,49,11,9
James Hill,Bournemouth,DF,23.0,2106,23.4,0.0,0.12820512820512822,0.5128205128205129,0.47008547008547014,1.5811965811965814,0.8547008547008548,0.7264957264957266,0.5555555555555556,0.2136752136752137,False,16.7,0,3,12,11,37,20,17,13,5
Florentino Luís,Burnley,MF,25.0,2105,23.4,0.0,0.08547008547008547,0.5555555555555556,0.47008547008547014,1.7094017094017095,2.094017094017094,1.7094017094017095,0.3418803418803419,0.25641025641025644,False,15.4,0,2,13,11,40,49,40,8,6
Idrissa Gana Gueye,Everton,MF,35.0,2093,23.3,0.08583690987124463,0.12875536480686695,1.2446351931330473,0.815450643776824,1.2446351931330473,0.9012875536480687,0.9012875536480687,1.3304721030042919,0.04291845493562232,False,24.1,2,3,29,19,29,21,21,31,1
Phil Foden,Manchester City,MF,25.0,2086,23.2,0.3017241379310345,0.21551724137931036,2.3706896551724137,5.129310344827586,0.4310344827586207,0.6896551724137931,0.7758620689655172,1.3362068965517242,0.1724137931034483,False,34.5,7,5,55,119,10,16,18,31,4
Aaron Wan-Bissaka,West Ham United,"DF,MF",27.0,2081,23.1,0.0,0.08658008658008658,0.0,1.8614718614718613,1.7748917748917747,1.0389610389610389,0.9956709956709956,0.5194805194805194,0.17316017316017315,True,0.0,0,2,0,43,41,24,23,12,4
Yeremi Pino,Crystal Palace,"MF,FW",22.0,2080,23.1,0.08658008658008658,0.08658008658008658,1.948051948051948,3.41991341991342,0.3463203463203463,0.8658008658008658,1.2987012987012987,1.0389610389610389,0.17316017316017315,False,24.4,2,2,45,79,8,20,30,24,4
Ibrahim Sangaré,Nottingham Forest,MF,27.0,2075,23.1,0.08658008658008658,0.08658008658008658,0.6926406926406926,0.3463203463203463,0.9523809523809523,1.3852813852813852,1.8181818181818181,0.7792207792207791,0.21645021645021645,False,31.3,2,2,16,8,22,32,42,18,5
Djed Spence,Tottenham Hotspur,"DF,MF",24.0,2055,22.8,0.0,0.0,0.5701754385964912,2.1491228070175437,0.6578947368421052,1.0964912280701753,1.2280701754385965,0.9210526315789473,0.17543859649122806,False,61.5,0,0,13,49,15,25,28,21,4
Mikkel Damsgaard,Brentford,MF,25.0,2054,22.8,0.17543859649122806,0.17543859649122806,1.2719298245614035,4.166666666666667,1.0526315789473684,1.4912280701754386,0.7894736842105263,1.0087719298245614,0.0,False,37.9,4,4,29,95,24,34,18,23,0
Leandro Trossard,Arsenal,"FW,MF",30.0,2000,22.2,0.2702702702702703,0.2702702702702703,2.3873873873873874,2.6126126126126126,0.40540540540540543,0.6756756756756757,0.5855855855855856,1.7567567567567568,0.0900900900900901,False,28.3,6,6,53,58,9,15,13,39,2
Keane Lewis-Potter,Brentford,"DF,MF",24.0,1972,21.9,0.13698630136986303,0.13698630136986303,1.4155251141552512,3.1506849315068495,0.4566210045662101,0.6392694063926941,0.6849315068493151,1.6438356164383563,0.04566210045662101,False,29.0,3,3,31,69,10,14,15,36,1
Harvey Barnes,Newcastle United,"FW,MF",27.0,1966,21.8,0.3211009174311926,0.04587155963302752,2.6605504587155964,3.3944954128440368,0.13761467889908258,0.2293577981651376,0.7798165137614679,1.055045871559633,0.04587155963302752,False,36.2,7,1,58,74,3,5,17,23,1
Reinildo Mandava,Sunderland,DF,31.0,1966,21.8,0.0,0.04587155963302752,0.18348623853211007,1.055045871559633,1.3302752293577982,1.055045871559633,1.4678899082568806,1.6055045871559632,0.3211009174311926,False,0.0,0,1,4,23,29,23,32,35,7
Richarlison,Tottenham Hotspur,"FW,MF",28.0,1964,21.8,0.5045871559633027,0.18348623853211007,2.7981651376146788,0.8256880733944953,0.3211009174311926,0.7339449541284403,1.055045871559633,1.5137614678899083,0.2293577981651376,False,42.6,11,4,61,18,7,16,23,33,5
Reece James,Chelsea,"DF,MF",25.0,1963,21.8,0.09174311926605504,0.18348623853211007,1.0091743119266054,5.779816513761467,1.4678899082568806,1.5137614678899083,1.1926605504587156,1.0091743119266054,0.18348623853211007,False,31.8,2,4,22,126,32,33,26,22,4
Cole Palmer,Chelsea,MF,23.0,1955,21.7,0.4608294930875576,0.04608294930875576,2.9493087557603688,1.6129032258064517,0.599078341013825,0.5529953917050692,0.599078341013825,1.7050691244239633,0.2304147465437788,False,39.1,10,1,64,35,13,12,13,37,5
Joelinton,Newcastle United,MF,28.0,1951,21.7,0.09216589861751152,0.04608294930875576,1.4746543778801844,0.5069124423963134,1.2903225806451613,1.0599078341013826,2.119815668202765,1.2442396313364055,0.4608294930875576,False,34.4,2,1,32,11,28,23,46,27,10
Curtis Jones,Liverpool,"MF,DF",24.0,1937,21.5,0.046511627906976744,0.09302325581395349,1.0232558139534884,0.7441860465116279,0.8372093023255814,1.069767441860465,0.7906976744186046,1.3488372093023255,0.09302325581395349,False,31.8,1,2,22,16,18,23,17,29,2
Yasin Ayari,Brighton,MF,21.0,1929,21.4,0.14018691588785048,0.14018691588785048,1.9158878504672898,1.1214953271028039,1.2149532710280375,1.1682242990654206,1.1214953271028039,1.3084112149532712,0.04672897196261683,False,24.4,3,3,41,24,26,25,24,28,1
Brian Brobbey,Sunderland,FW,23.0,1927,21.4,0.3271028037383178,0.04672897196261683,1.6822429906542058,0.09345794392523366,0.0,0.09345794392523366,1.5420560747663552,1.7289719626168225,0.28037383177570097,False,50.0,7,1,36,2,0,2,33,37,6
Emile Smith Rowe,Fulham,MF,25.0,1923,21.4,0.14018691588785048,0.0,1.6822429906542058,0.6074766355140188,1.0280373831775702,1.0280373831775702,0.4672897196261683,0.7943925233644861,0.04672897196261683,False,30.6,3,0,36,13,22,22,10,17,1
Jordan Henderson,Brentford,MF,35.0,1919,21.3,0.046948356807511735,0.14084507042253522,0.28169014084507044,2.2535211267605635,0.7511737089201878,0.6572769953051643,0.6103286384976525,0.32863849765258213,0.28169014084507044,False,16.7,1,3,6,48,16,14,13,7,6
Thierno Barry,Everton,FW,22.0,1914,21.3,0.3755868544600939,0.0,1.784037558685446,0.18779342723004694,0.2347417840375587,0.18779342723004694,2.15962441314554,0.3755868544600939,0.14084507042253522,False,36.8,8,0,38,4,5,4,46,8,3
Mats Wieffer,Brighton,DF,25.0,1903,21.1,0.0947867298578199,0.14218009478672985,0.8530805687203791,0.8056872037914692,1.1374407582938388,2.037914691943128,1.4218009478672984,1.0426540284360188,0.3791469194312796,False,33.3,2,3,18,17,24,43,30,22,8
Nick Woltemade,Newcastle United,"FW,MF",23.0,1902,21.1,0.3791469194312796,0.14218009478672985,1.5165876777251184,0.14218009478672985,0.23696682464454974,0.6161137440758293,0.947867298578199,0.947867298578199,0.0,False,40.6,8,3,32,3,5,13,20,20,0
Daichi Kamada,Crystal Palace,MF,28.0,1902,21.1,0.0,0.0,0.9004739336492891,1.990521327014218,0.6635071090047393,1.6587677725118481,1.4218009478672984,1.3270142180094786,0.14218009478672985,False,21.1,0,0,19,42,14,35,30,28,3
James Justin,Leeds United,"DF,MF",27.0,1901,21.1,0.0947867298578199,0.04739336492890995,1.1374407582938388,1.8009478672985781,1.2322274881516586,1.8009478672985781,0.6161137440758293,1.4691943127962084,0.1895734597156398,False,25.0,2,1,24,38,26,38,13,31,4
Jaka Bijol,Leeds United,DF,26.0,1890,21.0,0.047619047619047616,0.09523809523809523,0.7142857142857143,0.047619047619047616,1.0476190476190477,0.6190476190476191,0.9047619047619048,0.47619047619047616,0.19047619047619047,False,40.0,1,2,15,1,22,13,19,10,4
Rodrigo Bentancur,Tottenham Hotspur,MF,28.0,1883,20.9,0.04784688995215311,0.04784688995215311,0.6220095693779905,0.3349282296650718,1.722488038277512,1.722488038277512,0.9090909090909092,0.3827751196172249,0.3349282296650718,False,23.1,1,1,13,7,36,36,19,8,7
Cristian Romero,Tottenham Hotspur,DF,27.0,1868,20.8,0.1923076923076923,0.04807692307692307,0.8173076923076923,0.04807692307692307,1.4903846153846154,1.4423076923076923,1.5384615384615383,0.7692307692307692,0.5288461538461539,False,35.3,4,1,17,1,31,30,32,16,11
Youri Tielemans,Aston Villa,MF,28.0,1862,20.7,0.0,0.1932367149758454,1.1594202898550725,2.1739130434782608,0.7729468599033816,1.884057971014493,1.2077294685990339,1.9323671497584543,0.0,False,29.2,0,4,24,45,16,39,25,40,0
Lucas Digne,Aston Villa,DF,32.0,1852,20.6,0.0,0.2912621359223301,0.6796116504854368,5.242718446601941,0.6310679611650485,1.262135922330097,0.6796116504854368,0.5825242718446602,0.14563106796116504,False,35.7,0,6,14,108,13,26,14,12,3
Timothy Castagne,Fulham,"DF,MF",29.0,1845,20.5,0.0,0.0,0.6829268292682927,2.341463414634146,1.3658536585365855,1.170731707317073,0.8780487804878049,0.5365853658536586,0.1951219512195122,False,42.9,0,0,14,48,28,24,18,11,4
Jackson Tchatchoua,Wolves,"MF,DF",23.0,1845,20.5,0.0,0.04878048780487805,0.14634146341463414,4.390243902439025,0.6829268292682927,0.7317073170731707,0.3902439024390244,0.43902439024390244,0.14634146341463414,False,33.3,0,1,3,90,14,15,8,9,3
Callum Hudson-Odoi,Nottingham Forest,MF,24.0,1841,20.5,0.14634146341463414,0.1951219512195122,1.4634146341463414,4.439024390243903,0.3902439024390244,0.34146341463414637,0.5853658536585366,0.5853658536585366,0.0,False,33.3,3,4,30,91,8,7,12,12,0
Sven Botman,Newcastle United,DF,25.0,1835,20.4,0.04901960784313726,0.04901960784313726,0.7352941176470589,0.09803921568627452,1.2254901960784315,0.6862745098039216,0.6372549019607844,0.9313725490196079,0.09803921568627452,False,26.7,1,1,15,2,25,14,13,19,2
Quilindschy Hartman,Burnley,DF,23.0,1825,20.3,0.0,0.24630541871921183,0.44334975369458124,3.645320197044335,1.5763546798029555,1.5270935960591132,0.6403940886699507,0.14778325123152708,0.04926108374384236,False,33.3,0,5,9,74,32,31,13,3,1
Ryan Sessegnon,Fulham,"DF,MF",25.0,1823,20.3,0.14778325123152708,0.04926108374384236,0.7881773399014778,2.70935960591133,1.1330049261083743,1.4285714285714286,1.625615763546798,0.14778325123152708,0.0,False,25.0,3,1,16,55,23,29,33,3,0
Jean-Clair Todibo,West Ham United,DF,25.0,1814,20.2,0.0,0.04950495049504951,0.09900990099009901,0.09900990099009901,0.7920792079207921,1.188118811881188,0.44554455445544555,0.1485148514851485,0.24752475247524752,False,0.0,0,1,2,2,16,24,9,3,5
Eberechi Eze,Arsenal,"MF,FW",27.0,1812,20.1,0.34825870646766166,0.09950248756218905,2.835820895522388,0.3980099502487562,0.5472636815920398,0.6467661691542288,0.6965174129353233,1.8905472636815919,0.04975124378109452,False,31.6,7,2,57,8,11,13,14,38,1
Kristoffer Ajer,Brentford,DF,27.0,1810,20.1,0.0,0.04975124378109452,0.49751243781094523,0.34825870646766166,0.7462686567164178,1.144278606965174,1.144278606965174,0.24875621890547261,0.1990049751243781,False,30.0,0,1,10,7,15,23,23,5,4
Hugo Ekitike,Liverpool,FW,23.0,1803,20.0,0.55,0.2,3.25,0.35,0.2,0.35,1.75,0.6,0.0,False,29.2,11,4,65,7,4,7,35,12,0
Marc Guéhi,Crystal Palace,DF,25.0,1800,20.0,0.1,0.1,0.75,0.5,1.2,0.95,0.7,0.9,0.2,False,26.7,2,2,15,10,24,19,14,18,4
Antoine Semenyo,Bournemouth,MF,25.0,1798,20.0,0.5,0.15,2.45,1.4,0.3,1.0,1.85,0.7,0.3,False,55.1,10,3,49,28,6,20,37,14,6
Anthony Gordon,Newcastle United,FW,24.0,1795,19.9,0.30150753768844224,0.10050251256281408,2.412060301507538,3.4673366834170856,0.15075376884422112,0.6532663316582915,0.6532663316582915,2.0100502512562817,0.15075376884422112,False,41.7,6,2,48,69,3,13,13,40,3
Mateus Mane,Wolves,MF,17.0,1795,19.9,0.15075376884422112,0.05025125628140704,2.0603015075376887,4.723618090452262,0.2512562814070352,0.6532663316582915,1.306532663316583,2.361809045226131,0.0,False,41.5,3,1,41,94,5,13,26,47,0
Piero Hincapié,Arsenal,DF,23.0,1792,19.9,0.05025125628140704,0.10050251256281408,0.15075376884422112,1.6582914572864322,1.306532663316583,1.306532663316583,0.9045226130653267,0.7035175879396985,0.10050251256281408,False,66.7,1,2,3,33,26,26,18,14,2
Kenny Tete,Fulham,DF,29.0,1791,19.9,0.05025125628140704,0.0,0.8040201005025126,1.7085427135678393,1.306532663316583,1.9095477386934674,1.35678391959799,1.5577889447236182,0.10050251256281408,False,18.8,1,0,16,34,26,38,27,31,2
Georginio Rutter,Brighton,"MF,FW",23.0,1786,19.8,0.15151515151515152,0.15151515151515152,2.121212121212121,1.0101010101010102,0.5555555555555556,0.9595959595959596,1.5151515151515151,1.7171717171717171,0.10101010101010101,False,33.3,3,3,42,20,11,19,30,34,2
Rayan Cherki,Manchester City,MF,21.0,1786,19.8,0.20202020202020202,0.6060606060606061,2.7777777777777777,4.040404040404041,0.35353535353535354,0.8080808080808081,0.9090909090909091,1.7171717171717171,0.050505050505050504,False,23.6,4,12,55,80,7,16,18,34,1
Jeremy Doku,Manchester City,"MF,FW",23.0,1784,19.8,0.25252525252525254,0.25252525252525254,1.9696969696969697,3.131313131313131,0.6060606060606061,0.8080808080808081,1.1616161616161615,3.080808080808081,0.0,False,38.5,5,5,39,62,12,16,23,61,0
Tyler Adams,Bournemouth,MF,26.0,1773,19.7,0.10152284263959391,0.10152284263959391,0.5076142131979695,0.15228426395939088,1.5228426395939088,1.218274111675127,1.8274111675126905,0.6598984771573604,0.40609137055837563,False,60.0,2,2,10,3,30,24,36,13,8
Zian Flemming,Burnley,FW,26.0,1768,19.6,0.5612244897959183,0.0,2.6530612244897958,0.3061224489795918,0.3061224489795918,0.5102040816326531,2.6020408163265305,1.3265306122448979,0.25510204081632654,False,40.4,11,0,52,6,6,10,51,26,5
Josh Laurent,Burnley,"DF,MF",30.0,1764,19.6,0.0510204081632653,0.0,0.7653061224489796,0.7142857142857142,1.4285714285714284,1.2755102040816326,1.5816326530612244,0.5612244897959183,0.3571428571428571,False,26.7,1,0,15,14,28,25,31,11,7
Amadou Onana,Aston Villa,MF,23.0,1758,19.5,0.10256410256410256,0.0,0.9743589743589743,0.0,0.9743589743589743,1.5384615384615385,1.0256410256410255,1.2820512820512822,0.15384615384615385,False,36.8,2,0,19,0,19,30,20,25,3
Xavi Simons,Tottenham Hotspur,"MF,FW",22.0,1755,19.5,0.10256410256410256,0.2564102564102564,2.1538461538461537,2.6153846153846154,0.7692307692307693,1.0256410256410255,1.0769230769230769,2.2564102564102564,0.2564102564102564,False,23.8,2,5,42,51,15,20,21,44,5
Emi Buendía,Aston Villa,MF,28.0,1755,19.5,0.3076923076923077,0.10256410256410256,2.5128205128205128,0.5128205128205128,0.6666666666666666,1.3846153846153846,2.1025641025641026,2.3076923076923075,0.3076923076923077,False,26.5,6,2,49,10,13,27,41,45,6
Jack Hinshelwood,Brighton,MF,20.0,1741,19.3,0.20725388601036268,0.15544041450777202,1.9170984455958548,0.3626943005181347,0.31088082901554404,0.6735751295336787,1.6580310880829014,0.6217616580310881,0.0,False,40.5,4,3,37,7,6,13,32,12,0
Leny Yoro,Manchester Utd,DF,19.0,1740,19.3,0.0,0.0,0.46632124352331605,0.15544041450777202,1.6062176165803108,1.0362694300518134,0.8808290155440415,0.25906735751295334,0.05181347150259067,False,33.3,0,0,9,3,31,20,17,5,1
Saša Lukić,Fulham,MF,28.0,1734,19.3,0.05181347150259067,0.10362694300518134,0.9326424870466321,3.523316062176166,0.8290155440414507,1.450777202072539,2.7461139896373057,1.2953367875647668,0.46632124352331605,False,33.3,1,2,18,68,16,28,53,25,9
Jefferson Lerma,Crystal Palace,"MF,DF",30.0,1733,19.3,0.0,0.10362694300518134,0.9844559585492227,0.6217616580310881,1.2953367875647668,0.9326424870466321,1.2953367875647668,1.2435233160621761,0.3626943005181347,False,36.8,0,2,19,12,25,18,25,24,7
Wesley Fofana,Chelsea,DF,24.0,1722,19.1,0.0,0.05235602094240837,0.41884816753926696,0.10471204188481674,1.9895287958115182,0.5759162303664921,1.413612565445026,0.8900523560209423,0.47120418848167533,False,12.5,0,1,8,2,38,11,27,17,9
Kaoru Mitoma,Brighton,"MF,FW",28.0,1721,19.1,0.15706806282722513,0.05235602094240837,1.6753926701570678,2.408376963350785,0.41884816753926696,0.6282722513089005,1.6230366492146595,1.0994764397905759,0.2617801047120419,False,40.6,3,1,32,46,8,12,31,21,5
Riccardo Calafiori,Arsenal,DF,23.0,1699,18.9,0.052910052910052914,0.10582010582010583,1.6931216931216932,1.1111111111111112,0.6878306878306879,1.0052910052910053,1.3756613756613758,0.5291005291005292,0.2645502645502646,False,25.0,1,2,32,21,13,19,26,10,5
Lutsharel Geertruida,Sunderland,"DF,MF",25.0,1693,18.8,0.0,0.0,0.5851063829787234,0.4787234042553191,1.0638297872340425,1.1702127659574468,0.7978723404255319,0.3723404255319149,0.10638297872340426,False,27.3,0,0,11,9,20,22,15,7,2
Omari Hutchinson,Nottingham Forest,MF,21.0,1688,18.8,0.05319148936170213,0.26595744680851063,1.3297872340425532,7.074468085106383,0.5851063829787234,0.5851063829787234,1.2234042553191489,1.276595744680851,0.05319148936170213,False,44.0,1,5,25,133,11,11,23,24,1
Pau Torres,Aston Villa,DF,28.0,1676,18.6,0.0,0.0,0.48387096774193544,0.2150537634408602,0.5913978494623655,0.7526881720430108,0.3763440860215054,0.26881720430107525,0.05376344086021505,False,11.1,0,0,9,4,11,14,7,5,1
Eli Junior Kroupi,Bournemouth,"MF,FW",19.0,1672,18.6,0.6989247311827956,0.0,2.7956989247311825,0.5376344086021505,0.48387096774193544,0.3225806451612903,1.4516129032258063,0.6451612903225806,0.26881720430107525,False,42.3,13,0,52,10,9,6,27,12,5
Randal Kolo Muani,Tottenham Hotspur,"FW,MF",26.0,1664,18.5,0.05405405405405406,0.05405405405405406,1.0810810810810811,0.972972972972973,0.10810810810810811,0.8648648648648649,2.2162162162162162,0.918918918918919,0.16216216216216217,False,20.0,1,1,20,18,2,16,41,17,3
Kobbie Mainoo,Manchester Utd,MF,20.0,1662,18.5,0.05405405405405406,0.10810810810810811,0.7027027027027027,0.7027027027027027,1.027027027027027,1.0810810810810811,0.6486486486486487,1.1891891891891893,0.10810810810810811,False,23.1,1,2,13,13,19,20,12,22,2
Harry Maguire,Manchester Utd,DF,32.0,1653,18.4,0.05434782608695653,0.10869565217391305,0.7608695652173914,0.2173913043478261,0.6521739130434783,0.923913043478261,0.8695652173913044,0.8695652173913044,0.16304347826086957,False,28.6,1,2,14,4,12,17,16,16,3
Carlos Baleba,Brighton,MF,21.0,1652,18.4,0.0,0.0,1.0869565217391306,0.0,1.5217391304347827,1.1413043478260871,1.6847826086956523,1.3043478260869565,0.27173913043478265,False,10.0,0,0,20,0,28,21,31,24,5
Benjamin Šeško,Manchester Utd,FW,22.0,1643,18.3,0.6010928961748634,0.0546448087431694,3.333333333333333,0.1092896174863388,0.16393442622950818,0.16393442622950818,0.9289617486338797,0.32786885245901637,0.1092896174863388,False,55.7,11,1,61,2,3,3,17,6,2
Pascal Groß,Brighton,MF,34.0,1636,18.2,0.054945054945054944,0.16483516483516483,0.989010989010989,6.538461538461538,0.6043956043956045,0.9340659340659341,0.9340659340659341,0.6593406593406593,0.10989010989010989,False,50.0,1,3,18,119,11,17,17,12,2
Tijjani Reijnders,Manchester City,MF,27.0,1631,18.1,0.2762430939226519,0.11049723756906077,2.707182320441989,2.3756906077348066,0.6077348066298343,0.22099447513812154,1.0497237569060773,0.8287292817679557,0.11049723756906077,False,32.7,5,2,49,43,11,4,19,15,2
Jack Grealish,Everton,MF,29.0,1627,18.1,0.11049723756906077,0.3314917127071823,1.43646408839779,2.154696132596685,0.6077348066298343,0.8287292817679557,0.718232044198895,3.2044198895027622,0.2762430939226519,False,30.8,2,6,26,39,11,15,13,58,5
Jacob Murphy,Newcastle United,"FW,MF",30.0,1617,18.0,0.16666666666666666,0.1111111111111111,2.3333333333333335,6.944444444444445,0.3333333333333333,0.6666666666666666,0.5,0.7222222222222222,0.1111111111111111,False,31.0,3,2,42,125,6,12,9,13,2
Ian Maatsen,Aston Villa,DF,23.0,1605,17.8,0.0,0.056179775280898875,1.1235955056179774,3.033707865168539,1.0112359550561798,1.7415730337078652,0.9550561797752809,1.0674157303370786,0.11235955056179775,False,25.0,0,1,20,54,18,31,17,19,2
Ola Aina,Nottingham Forest,DF,28.0,1588,17.6,0.0,0.0,0.6818181818181818,2.215909090909091,1.477272727272727,1.1931818181818181,0.7386363636363635,0.8522727272727272,0.17045454545454544,False,8.3,0,0,12,39,26,21,13,15,3
Kieran Trippier,Newcastle United,DF,34.0,1586,17.6,0.0,0.056818181818181816,0.11363636363636363,5.454545454545454,0.3977272727272727,0.7386363636363635,1.25,1.0795454545454544,0.17045454545454544,False,0.0,0,1,2,96,7,13,22,19,3
Bashir Humphreys,Burnley,"DF,MF",22.0,1578,17.5,0.0,0.0,0.5142857142857142,0.9714285714285714,0.6285714285714286,0.9714285714285714,0.8,0.5714285714285714,0.34285714285714286,False,33.3,0,0,9,17,11,17,14,10,6
Will Hughes,Crystal Palace,MF,30.0,1571,17.5,0.0,0.0,0.9714285714285714,2.5714285714285716,0.8571428571428571,0.9142857142857143,1.3714285714285714,1.4285714285714286,0.4,False,0.0,0,0,17,45,15,16,24,25,7
Nicolás González,Manchester City,MF,23.0,1569,17.4,0.0574712643678161,0.0,0.8045977011494253,0.1724137931034483,1.3793103448275863,1.7241379310344829,1.7241379310344829,1.0344827586206897,0.3448275862068966,False,14.3,1,0,14,3,24,30,30,18,6
Beto,Everton,FW,27.0,1568,17.4,0.5172413793103449,0.0574712643678161,2.4712643678160924,0.1149425287356322,0.0574712643678161,0.2873563218390805,1.8390804597701151,0.6896551724137931,0.1724137931034483,False,39.5,9,1,43,2,1,5,32,12,3
Noah Okafor,Leeds United,"FW,MF",25.0,1561,17.3,0.4624277456647399,0.057803468208092484,2.0231213872832368,2.0809248554913293,0.6936416184971098,0.8670520231213873,1.0404624277456647,0.8092485549132947,0.17341040462427745,False,42.9,8,1,35,36,12,15,18,14,3
Chemsdine Talbi,Sunderland,"MF,FW",20.0,1561,17.3,0.23121387283236994,0.057803468208092484,1.445086705202312,2.890173410404624,0.17341040462427745,0.3468208092485549,0.2890173410404624,0.057803468208092484,0.0,False,40.0,4,1,25,50,3,6,5,1,0
Max Kilman,West Ham United,DF,28.0,1561,17.3,0.0,0.0,0.40462427745664736,0.11560693641618497,0.3468208092485549,0.4624277456647399,0.9248554913294798,0.11560693641618497,0.23121387283236994,False,14.3,0,0,7,2,6,8,16,2,4
Hjalmar Ekdal,Burnley,DF,26.0,1539,17.1,0.0,0.0,0.3508771929824561,0.05847953216374269,0.7017543859649122,0.9941520467836257,0.29239766081871343,0.4093567251461988,0.0,False,16.7,0,0,6,1,12,17,5,7,0
Mohammed Kudus,Tottenham Hotspur,"MF,FW",24.0,1535,17.1,0.11695906432748537,0.29239766081871343,1.5204678362573099,7.134502923976608,0.17543859649122806,0.9941520467836257,1.3450292397660817,0.8771929824561403,0.17543859649122806,False,34.6,2,5,26,122,3,17,23,15,3
Josh Cullen,Burnley,MF,29.0,1514,16.8,0.11904761904761904,0.11904761904761904,0.6547619047619048,0.7142857142857143,1.4285714285714286,1.130952380952381,0.9523809523809523,1.0714285714285714,0.11904761904761904,False,54.5,2,2,11,12,24,19,16,18,2
Rodri,Manchester City,MF,29.0,1511,16.8,0.05952380952380952,0.0,0.9523809523809523,0.2976190476190476,0.7142857142857143,1.4880952380952381,0.8333333333333333,1.8452380952380951,0.17857142857142858,False,18.8,1,0,16,5,12,25,14,31,3
Lucas Paquetá,West Ham United,"MF,FW",27.0,1511,16.8,0.23809523809523808,0.05952380952380952,1.369047619047619,2.142857142857143,0.41666666666666663,1.3095238095238095,1.607142857142857,1.7857142857142856,0.41666666666666663,False,47.8,4,1,23,36,7,22,27,30,7
Lewis Miley,Newcastle United,"MF,DF",19.0,1496,16.6,0.06024096385542168,0.24096385542168672,0.7228915662650601,2.5301204819277108,1.2048192771084336,1.0843373493975903,0.3012048192771084,0.24096385542168672,0.0,False,33.3,1,4,12,42,20,18,5,4,0
Kevin Danso,Tottenham Hotspur,DF,26.0,1494,16.6,0.0,0.0,0.6626506024096385,0.4216867469879518,1.506024096385542,0.7831325301204819,1.2650602409638554,0.7831325301204819,0.48192771084337344,False,18.2,0,0,11,7,25,13,21,13,8
Antonee Robinson,Fulham,"DF,MF",27.0,1492,16.6,0.06024096385542168,0.0,0.36144578313253006,4.63855421686747,1.686746987951807,1.8674698795180722,0.9036144578313252,0.5421686746987951,0.3012048192771084,False,16.7,1,0,6,77,28,31,15,9,5
Tim Iroegbunam,Everton,MF,22.0,1487,16.5,0.0,0.12121212121212122,0.7272727272727273,0.18181818181818182,1.3333333333333333,2.6666666666666665,1.7575757575757576,1.2121212121212122,0.5454545454545454,False,8.3,0,2,12,3,22,44,29,20,9
Archie Gray,Tottenham Hotspur,"MF,DF",19.0,1478,16.4,0.12195121951219513,0.12195121951219513,0.6707317073170732,0.7317073170731708,1.0365853658536586,0.48780487804878053,0.7317073170731708,0.12195121951219513,0.30487804878048785,False,45.5,2,2,11,12,17,8,12,2,5
Jacob Ramsey,Newcastle United,MF,24.0,1450,16.1,0.12422360248447203,0.18633540372670807,0.9937888198757763,0.49689440993788814,0.5590062111801242,1.3043478260869563,0.9937888198757763,0.8695652173913043,0.3105590062111801,False,25.0,2,3,16,8,9,21,16,14,5
Patrick Dorgu,Manchester Utd,MF,20.0,1449,16.1,0.24844720496894407,0.24844720496894407,1.5527950310559004,3.540372670807453,0.9937888198757763,1.8633540372670805,1.4285714285714284,2.919254658385093,0.3105590062111801,False,44.0,4,4,25,57,16,30,23,47,5
Hwang Hee-chan,Wolves,"FW,MF",29.0,1446,16.1,0.12422360248447203,0.12422360248447203,1.1801242236024843,1.1801242236024843,0.7453416149068323,0.24844720496894407,1.7391304347826086,1.1180124223602483,0.3105590062111801,False,31.6,2,2,19,19,12,4,28,18,5
Vitaly Janelt,Brentford,MF,27.0,1444,16.0,0.0625,0.25,0.75,3.8125,1.6875,1.0625,1.25,0.8125,0.5,False,25.0,1,4,12,61,27,17,20,13,8
Abdukodir Khusanov,Manchester City,DF,21.0,1432,15.9,0.0,0.0,0.44025157232704404,0.18867924528301885,1.8238993710691824,1.2578616352201257,0.8805031446540881,0.3773584905660377,0.12578616352201258,False,14.3,0,0,7,3,29,20,14,6,2
Toti Gomes,Wolves,DF,26.0,1424,15.8,0.0,0.0,0.3164556962025316,0.6962025316455696,0.8227848101265822,0.6962025316455696,0.6962025316455696,0.6962025316455696,0.12658227848101264,False,40.0,0,0,5,11,13,11,11,11,2
Tolu Arokodare,Wolves,FW,24.0,1419,15.8,0.18987341772151897,0.06329113924050632,2.911392405063291,0.0,0.3164556962025316,0.2531645569620253,1.1392405063291138,1.0759493670886076,0.06329113924050632,False,34.8,3,1,46,0,5,4,18,17,1
Maxim De Cuyper,Brighton,"DF,MF",24.0,1415,15.7,0.12738853503184713,0.1910828025477707,0.8280254777070064,4.904458598726115,0.7006369426751593,0.6369426751592357,1.1464968152866242,1.337579617834395,0.12738853503184713,False,46.2,2,3,13,77,11,10,18,21,2
Boubacar Kamara,Aston Villa,MF,25.0,1411,15.7,0.06369426751592357,0.1910828025477707,0.445859872611465,0.12738853503184713,0.9554140127388535,1.019108280254777,1.019108280254777,1.910828025477707,0.3184713375796179,False,57.1,1,3,7,2,15,16,16,30,5
Lucas,Burnley,"MF,DF",24.0,1409,15.7,0.0,0.0,1.019108280254777,3.56687898089172,1.2101910828025477,1.4012738853503186,0.9554140127388535,0.25477707006369427,0.06369426751592357,False,25.0,0,0,16,56,19,22,15,4,1
Habib Diarra,Sunderland,MF,21.0,1405,15.6,0.12820512820512822,0.12820512820512822,1.6666666666666667,2.0512820512820515,0.25641025641025644,0.44871794871794873,1.217948717948718,1.7307692307692308,0.38461538461538464,False,30.8,2,2,26,32,4,7,19,27,6
Jørgen Strand Larsen,Wolves,FW,25.0,1404,15.6,0.06410256410256411,0.06410256410256411,1.3461538461538463,0.19230769230769232,0.19230769230769232,0.12820512820512822,1.9230769230769231,0.7051282051282052,0.12820512820512822,False,33.3,1,1,21,3,3,2,30,11,2
Antoine Semenyo,Manchester City,"MF,FW",25.0,1397,15.5,0.45161290322580644,0.06451612903225806,2.193548387096774,1.3548387096774193,0.3870967741935484,0.7096774193548387,1.096774193548387,0.45161290322580644,0.06451612903225806,False,41.2,7,1,34,21,6,11,17,7,1
Pape Matar Sarr,Tottenham Hotspur,MF,22.0,1397,15.5,0.12903225806451613,0.25806451612903225,1.096774193548387,0.5161290322580645,0.9032258064516129,1.3548387096774193,1.8709677419354838,0.8387096774193549,0.1935483870967742,False,35.3,2,4,17,8,14,21,29,13,3
Valentín Castellanos,West Ham United,FW,26.0,1384,15.4,0.38961038961038963,0.0,3.2467532467532467,0.5844155844155844,0.38961038961038963,0.5844155844155844,2.0779220779220777,1.0389610389610389,0.38961038961038963,False,44.0,6,0,50,9,6,9,32,16,6
Kyle Walker-Peters,West Ham United,DF,28.0,1383,15.4,0.06493506493506493,0.0,0.3246753246753247,1.2987012987012987,0.5844155844155844,1.948051948051948,0.7792207792207793,1.6233766233766234,0.12987012987012986,False,60.0,1,0,5,20,9,30,12,25,2
Joško Gvardiol,Manchester City,DF,23.0,1372,15.2,0.13157894736842105,0.13157894736842105,1.118421052631579,0.13157894736842105,1.0526315789473684,0.8552631578947368,1.0526315789473684,0.46052631578947373,0.13157894736842105,False,35.3,2,2,17,2,16,13,16,7,2
Lyle Foster,Burnley,"FW,MF",24.0,1371,15.2,0.19736842105263158,0.13157894736842105,1.3157894736842106,0.39473684210526316,0.2631578947368421,0.7894736842105263,1.4473684210526316,0.8552631578947368,0.2631578947368421,False,30.0,3,2,20,6,4,12,22,13,4
Martin Ødegaard,Arsenal,MF,26.0,1369,15.2,0.06578947368421052,0.39473684210526316,1.4473684210526316,1.4473684210526316,0.46052631578947373,0.5921052631578948,0.5921052631578948,0.5921052631578948,0.0,False,36.4,1,6,22,22,7,9,9,9,0
Marc Guéhi,Manchester City,DF,25.0,1350,15.0,0.06666666666666667,0.06666666666666667,1.1333333333333333,0.4666666666666667,1.6666666666666667,0.8,0.7333333333333333,1.3333333333333333,0.13333333333333333,False,29.4,1,1,17,7,25,12,11,20,2
Mathys Tel,Tottenham Hotspur,"MF,FW",20.0,1349,15.0,0.26666666666666666,0.06666666666666667,2.3333333333333335,6.133333333333334,0.3333333333333333,0.8,1.2666666666666666,1.5333333333333334,0.06666666666666667,False,22.9,4,1,35,92,5,12,19,23,1
Morato,Nottingham Forest,DF,24.0,1345,14.9,0.06711409395973154,0.0,0.33557046979865773,0.1342281879194631,0.7382550335570469,1.2080536912751678,1.0738255033557047,0.4697986577181208,0.33557046979865773,False,40.0,1,0,5,2,11,18,16,7,5
Destiny Udogie,Tottenham Hotspur,"DF,MF",22.0,1339,14.9,0.0,0.06711409395973154,0.2684563758389262,1.8120805369127517,0.4697986577181208,1.342281879194631,1.1409395973154361,1.4765100671140938,0.2684563758389262,False,25.0,0,1,4,27,7,20,17,22,4
Jaydee Canvot,Crystal Palace,DF,19.0,1336,14.8,0.0,0.0,0.47297297297297297,0.33783783783783783,0.8108108108108107,1.4864864864864864,0.8108108108108107,0.47297297297297297,0.2027027027027027,False,14.3,0,0,7,5,12,22,12,7,3
Valentino Livramento,Newcastle United,DF,22.0,1328,14.8,0.0,0.06756756756756756,0.2027027027027027,2.4324324324324325,0.13513513513513511,0.9459459459459459,0.47297297297297297,1.081081081081081,0.06756756756756756,False,0.0,0,1,3,36,2,14,7,16,1
Rico Henry,Brentford,DF,28.0,1328,14.8,0.0,0.06756756756756756,0.33783783783783783,1.7567567567567566,0.47297297297297297,0.7432432432432432,1.0135135135135134,1.1486486486486487,0.13513513513513511,False,0.0,0,1,5,26,7,11,15,17,2
Tyrone Mings,Aston Villa,DF,32.0,1324,14.7,0.0,0.0,0.6122448979591837,0.272108843537415,0.7482993197278912,0.1360544217687075,0.6802721088435374,0.54421768707483,0.06802721088435375,False,11.1,0,0,9,4,11,2,10,8,1
Ilia Gruev,Leeds United,MF,25.0,1323,14.7,0.0,0.20408163265306123,0.4761904761904762,1.08843537414966,0.9523809523809524,0.8843537414965987,1.08843537414966,0.6122448979591837,0.20408163265306123,False,14.3,0,3,7,16,14,13,16,9,3
Anthony Elanga,Newcastle United,"FW,MF",23.0,1319,14.7,0.0,0.06802721088435375,1.1564625850340136,5.646258503401361,0.20408163265306123,0.7482993197278912,0.54421768707483,1.7006802721088436,0.0,False,23.5,0,1,17,83,3,11,8,25,0
Ao Tanaka,Leeds United,MF,26.0,1315,14.6,0.136986301369863,0.0,1.1643835616438356,2.671232876712329,1.4383561643835616,1.0273972602739727,0.8904109589041096,0.684931506849315,0.0684931506849315,False,29.4,2,0,17,39,21,15,13,10,1
Joshua King,Fulham,MF,18.0,1308,14.5,0.06896551724137931,0.13793103448275862,1.793103448275862,0.8275862068965517,0.20689655172413793,0.8275862068965517,0.896551724137931,2.0689655172413794,0.27586206896551724,False,42.3,1,2,26,12,3,12,13,30,4
Bafodé Diakité,Bournemouth,DF,24.0,1277,14.2,0.0,0.0,0.07042253521126761,0.07042253521126761,0.7042253521126761,1.0563380281690142,0.5633802816901409,0.28169014084507044,0.07042253521126761,False,0.0,0,0,1,1,10,15,8,4,1
Loum Tchaouna,Burnley,"MF,FW",21.0,1272,14.1,0.14184397163120568,0.07092198581560284,1.6312056737588654,2.4113475177304964,0.14184397163120568,0.6382978723404256,0.851063829787234,1.1347517730496455,0.14184397163120568,False,39.1,2,1,23,34,2,9,12,16,2
Alejandro Garnacho,Chelsea,MF,21.0,1268,14.1,0.07092198581560284,0.28368794326241137,2.3404255319148937,4.326241134751773,0.28368794326241137,0.9219858156028369,0.6382978723404256,1.6312056737588654,0.14184397163120568,False,21.2,1,4,33,61,4,13,9,23,2
Andrey Santos,Chelsea,MF,21.0,1260,14.0,0.07142857142857142,0.0,0.7857142857142857,0.14285714285714285,1.2857142857142858,1.5,0.9285714285714286,1.5714285714285714,0.2857142857142857,False,18.2,1,0,11,2,18,21,13,22,4
Axel Disasi,West Ham United,DF,27.0,1254,13.9,0.0,0.0,0.3597122302158273,0.0,0.8633093525179856,0.7194244604316546,0.3597122302158273,0.28776978417266186,0.07194244604316546,False,60.0,0,0,5,0,12,10,5,4,1
Callum Wilson,West Ham United,FW,33.0,1251,13.9,0.5035971223021583,0.07194244604316546,2.7338129496402876,0.3597122302158273,0.2158273381294964,0.14388489208633093,0.8633093525179856,1.0071942446043165,0.07194244604316546,False,42.1,7,1,38,5,3,2,12,14,1
Jean-Ricner Bellegarde,Wolves,"MF,FW",27.0,1248,13.9,0.07194244604316546,0.07194244604316546,1.5107913669064748,1.7985611510791366,0.6474820143884892,1.079136690647482,1.4388489208633093,2.949640287769784,0.3597122302158273,False,33.3,1,1,21,25,9,15,20,41,5
Lisandro Martínez,Manchester Utd,DF,27.0,1233,13.7,0.0,0.0,0.36496350364963503,0.14598540145985403,0.8759124087591241,0.8029197080291971,0.6569343065693432,0.14598540145985403,0.0,False,0.0,0,0,5,2,12,11,9,2,0
Hannibal Mejbri,Burnley,MF,22.0,1229,13.7,0.07299270072992702,0.29197080291970806,1.3868613138686132,2.18978102189781,0.5109489051094891,1.2408759124087592,1.6788321167883213,3.3576642335766427,0.7299270072992701,False,26.3,1,4,19,30,7,17,23,46,10
Noni Madueke,Arsenal,"FW,MF",23.0,1211,13.5,0.2222222222222222,0.07407407407407407,1.8518518518518519,5.925925925925926,0.37037037037037035,0.7407407407407407,1.1111111111111112,1.1111111111111112,0.0,False,36.0,3,1,25,80,5,10,15,15,0
David Brooks,Bournemouth,MF,28.0,1204,13.4,0.07462686567164178,0.22388059701492538,3.582089552238806,4.402985074626866,0.29850746268656714,0.9701492537313433,0.8208955223880596,0.9701492537313433,0.5223880597014925,False,27.1,1,3,48,59,4,13,11,13,7
Axel Tuanzebe,Burnley,DF,27.0,1201,13.3,0.07518796992481203,0.0,0.15037593984962405,0.07518796992481203,0.9022556390977443,0.6015037593984962,0.9774436090225563,0.15037593984962405,0.07518796992481203,False,50.0,1,0,2,1,12,8,13,2,1
Conor Gallagher,Tottenham Hotspur,MF,25.0,1184,13.2,0.07575757575757576,0.07575757575757576,0.8333333333333334,1.7424242424242424,1.3636363636363638,1.0606060606060606,1.893939393939394,1.7424242424242424,0.15151515151515152,False,36.4,1,1,11,23,18,14,25,23,2
Andrew Robertson,Liverpool,DF,31.0,1176,13.1,0.07633587786259542,0.0,0.7633587786259542,4.0458015267175576,0.5343511450381679,0.7633587786259542,0.3053435114503817,0.07633587786259542,0.0,False,30.0,1,0,10,53,7,10,4,1,0
Nicolás Domínguez,Nottingham Forest,MF,27.0,1175,13.1,0.07633587786259542,0.07633587786259542,1.3740458015267176,1.0687022900763359,0.4580152671755725,2.290076335877863,1.2213740458015268,0.8396946564885497,0.22900763358778625,False,27.8,1,1,18,14,6,30,16,11,3
Dan Ndoye,Nottingham Forest,MF,24.0,1173,13.0,0.07692307692307693,0.07692307692307693,1.1538461538461537,3.1538461538461537,0.7692307692307693,0.8461538461538461,1.2307692307692308,1.6923076923076923,0.07692307692307693,False,26.7,1,1,15,41,10,11,16,22,1
Freddie Potts,West Ham United,MF,21.0,1171,13.0,0.0,0.07692307692307693,0.23076923076923078,2.6153846153846154,1.2307692307692308,1.3846153846153846,1.1538461538461537,1.0769230769230769,0.07692307692307693,False,33.3,0,1,3,34,16,18,15,14,1
Matthijs de Ligt,Manchester Utd,DF,25.0,1170,13.0,0.07692307692307693,0.0,0.8461538461538461,0.3076923076923077,0.8461538461538461,1.0,0.46153846153846156,0.38461538461538464,0.0,False,27.3,1,0,11,4,11,13,6,5,0
Dwight McNeil,Everton,MF,25.0,1168,13.0,0.0,0.07692307692307693,1.8461538461538463,3.076923076923077,0.7692307692307693,1.2307692307692308,0.8461538461538461,0.5384615384615384,0.07692307692307693,False,20.8,0,1,24,40,10,16,11,7,1
Wilson Isidor,Sunderland,FW,24.0,1165,12.9,0.46511627906976744,0.0,3.333333333333333,0.0,0.15503875968992248,0.6201550387596899,1.0852713178294573,0.5426356589147286,0.07751937984496124,False,39.5,6,0,43,0,2,8,14,7,1
Jorrel Hato,Chelsea,DF,19.0,1148,12.8,0.0,0.0,0.3125,0.546875,1.328125,1.484375,1.171875,0.15625,0.546875,False,0.0,0,0,4,7,17,19,15,2,7
Adam Armstrong,Wolves,"FW,MF",28.0,1140,12.7,0.15748031496062992,0.15748031496062992,1.4173228346456694,0.3937007874015748,0.07874015748031496,0.31496062992125984,0.9448818897637796,0.2362204724409449,0.2362204724409449,False,33.3,2,2,18,5,1,4,12,3,3
Jhon Arias,Wolves,"FW,MF",27.0,1124,12.5,0.08,0.0,1.28,2.4,0.56,2.16,2.08,0.72,0.08,False,18.8,1,0,16,30,7,27,26,9,1
Brennan Johnson,Crystal Palace,"MF,FW",24.0,1112,12.4,0.0,0.08064516129032258,1.3709677419354838,3.629032258064516,0.16129032258064516,0.564516129032258,1.4516129032258065,0.8870967741935484,0.3225806451612903,False,17.6,0,1,17,45,2,7,18,11,4
Rayan,Bournemouth,MF,18.0,1111,12.3,0.4065040650406504,0.16260162601626016,2.2764227642276422,1.951219512195122,0.6504065040650406,0.4878048780487805,0.7317073170731707,0.4878048780487805,0.08130081300813008,False,28.6,5,2,28,24,8,6,9,6,1
Liam Delap,Chelsea,FW,22.0,1107,12.3,0.08130081300813008,0.0,2.926829268292683,0.4878048780487805,0.08130081300813008,0.24390243902439024,2.0325203252032518,1.5447154471544715,0.3252032520325203,False,30.6,1,0,36,6,1,3,25,19,4
Emmanuel Agbadou,Wolves,DF,28.0,1101,12.2,0.0,0.0,0.819672131147541,1.0655737704918034,1.1475409836065575,1.7213114754098362,0.819672131147541,0.4098360655737705,0.0819672131147541,False,30.0,0,0,10,13,14,21,10,5,1
Amine Adli,Bournemouth,MF,25.0,1093,12.1,0.24793388429752067,0.08264462809917356,1.6528925619834711,3.2231404958677685,0.49586776859504134,1.4049586776859504,2.396694214876033,1.9008264462809918,0.1652892561983471,False,45.0,3,1,20,39,6,17,29,23,2
Fabian Schär,Newcastle United,DF,33.0,1091,12.1,0.0,0.0,1.4049586776859504,0.3305785123966942,1.322314049586777,0.7438016528925621,1.2396694214876034,0.578512396694215,0.08264462809917356,False,23.5,0,0,17,4,16,9,15,7,1
Lukas Nmecha,Leeds United,FW,26.0,1083,12.0,0.5,0.08333333333333333,2.5,0.8333333333333334,0.25,0.5833333333333334,1.5,1.5,0.0,False,53.3,6,1,30,10,3,7,18,18,0
Gabriel Martinelli,Arsenal,"FW,MF",24.0,1081,12.0,0.08333333333333333,0.3333333333333333,2.4166666666666665,3.0833333333333335,0.08333333333333333,0.6666666666666666,0.8333333333333334,1.1666666666666667,0.25,False,44.8,1,4,29,37,1,8,10,14,3
Samuel Chukwueze,Fulham,MF,26.0,1079,12.0,0.25,0.3333333333333333,2.0833333333333335,3.5833333333333335,0.5,0.3333333333333333,0.4166666666666667,1.0,0.0,False,28.0,3,4,25,43,6,4,5,12,0
Adam Smith,Bournemouth,DF,34.0,1077,12.0,0.0,0.16666666666666666,0.0,1.0833333333333333,0.8333333333333334,1.0,1.5833333333333333,0.9166666666666666,0.25,True,0.0,0,2,0,13,10,12,19,11,3
Marcus Edwards,Burnley,"MF,FW",26.0,1067,11.9,0.08403361344537814,0.25210084033613445,1.9327731092436975,1.5966386554621848,0.25210084033613445,0.5042016806722689,0.5882352941176471,1.5126050420168067,0.0,False,26.1,1,3,23,19,3,6,7,18,0
Joël Veltman,Brighton,DF,33.0,1057,11.7,0.08547008547008547,0.0,0.3418803418803419,1.5384615384615385,1.623931623931624,1.4529914529914532,0.8547008547008548,1.8803418803418805,0.4273504273504274,False,25.0,1,0,4,18,19,17,10,22,5
Lamare Bogarde,Aston Villa,"MF,DF",21.0,1053,11.7,0.0,0.0,0.0,0.17094017094017094,0.3418803418803419,1.623931623931624,1.4529914529914532,1.7094017094017095,0.4273504273504274,True,0.0,0,0,0,2,4,19,17,20,5
David Møller Wolfe,Wolves,"MF,DF",23.0,1049,11.7,0.0,0.17094017094017094,0.25641025641025644,2.735042735042735,0.5982905982905983,0.4273504273504274,0.8547008547008548,0.3418803418803419,0.08547008547008547,False,0.0,0,2,3,32,7,5,10,4,1
Kevin,Fulham,MF,22.0,1041,11.6,0.08620689655172414,0.08620689655172414,2.1551724137931036,3.706896551724138,0.7758620689655172,0.8620689655172414,1.206896551724138,1.4655172413793105,0.08620689655172414,False,40.0,1,1,25,43,9,10,14,17,1
Jeremie Frimpong,Liverpool,"DF,MF",24.0,1040,11.6,0.0,0.08620689655172414,0.8620689655172414,4.3965517241379315,0.5172413793103449,0.7758620689655172,0.6896551724137931,1.8103448275862069,0.08620689655172414,False,20.0,0,1,10,51,6,9,8,21,1
Mikel Merino,Arsenal,"MF,FW",29.0,1036,11.5,0.34782608695652173,0.2608695652173913,1.9130434782608696,0.34782608695652173,0.782608695652174,1.1304347826086956,1.9130434782608696,1.7391304347826086,0.08695652173913043,False,36.4,4,3,22,4,9,13,22,20,1
Jacob Bruun Larsen,Burnley,"MF,FW",26.0,1030,11.4,0.0,0.08771929824561403,1.4912280701754386,3.6842105263157894,0.5263157894736842,0.2631578947368421,0.08771929824561403,0.0,0.0,False,23.5,0,1,17,42,6,3,1,0,0
Nicolò Savona,Nottingham Forest,DF,22.0,1028,11.4,0.17543859649122806,0.0,0.43859649122807015,2.3684210526315788,0.43859649122807015,1.0526315789473684,1.0526315789473684,0.43859649122807015,0.17543859649122806,False,60.0,2,0,5,27,5,12,12,5,2
Mason Mount,Manchester Utd,MF,26.0,1017,11.3,0.2654867256637168,0.0,1.6814159292035398,1.9469026548672566,0.7964601769911503,1.1504424778761062,1.5044247787610618,1.0619469026548671,0.17699115044247787,False,26.3,3,0,19,22,9,13,17,12,2
Sean Longstaff,Leeds United,MF,27.0,1011,11.2,0.17857142857142858,0.17857142857142858,1.4285714285714286,4.821428571428572,1.0714285714285714,2.142857142857143,1.1607142857142858,1.517857142857143,0.17857142857142858,False,25.0,2,2,16,54,12,24,13,17,2
Dominic Solanke,Tottenham Hotspur,FW,27.0,1001,11.1,0.2702702702702703,0.0,1.8018018018018018,0.1801801801801802,0.2702702702702703,1.4414414414414416,1.0810810810810811,0.8108108108108109,0.0900900900900901,False,55.0,3,0,20,2,3,16,12,9,1
Rodrigo Muniz,Fulham,FW,24.0,1000,11.1,0.0900900900900901,0.0900900900900901,2.882882882882883,0.1801801801801802,0.1801801801801802,0.2702702702702703,1.8918918918918919,1.6216216216216217,0.1801801801801802,False,15.6,1,1,32,2,2,3,21,18,2
Cristhian Mosquera,Arsenal,DF,21.0,994,11.0,0.0,0.0,0.09090909090909091,0.2727272727272727,0.7272727272727273,1.9090909090909092,1.5454545454545454,0.6363636363636364,0.36363636363636365,False,0.0,0,0,1,3,8,21,17,7,4
Ryan Christie,Bournemouth,MF,30.0,993,11.0,0.18181818181818182,0.0,2.272727272727273,1.5454545454545454,1.0,1.8181818181818181,1.4545454545454546,2.0,0.2727272727272727,False,32.0,2,0,25,17,11,20,16,22,3
Noussair Mazraoui,Manchester Utd,"DF,MF",27.0,985,10.9,0.0,0.0,0.4587155963302752,1.1926605504587156,1.0091743119266054,1.3761467889908257,1.1009174311926606,1.2844036697247705,0.27522935779816515,False,0.0,0,0,5,13,11,15,12,14,3
Wilson Odobert,Tottenham Hotspur,"MF,FW",20.0,985,10.9,0.0,0.18348623853211007,1.926605504587156,2.568807339449541,0.0,0.7339449541284403,0.18348623853211007,0.9174311926605504,0.0,False,38.1,0,2,21,28,0,8,2,10,0
Joe Willock,Newcastle United,MF,25.0,983,10.9,0.0,0.18348623853211007,1.5596330275229358,1.4678899082568806,0.6422018348623852,1.3761467889908257,1.4678899082568806,1.0091743119266054,0.27522935779816515,False,35.3,0,2,17,16,7,15,16,11,3
Soungoutou Magassa,West Ham United,MF,21.0,981,10.9,0.09174311926605504,0.0,0.6422018348623852,0.8256880733944953,1.5596330275229358,2.110091743119266,1.5596330275229358,1.5596330275229358,0.36697247706422015,False,28.6,1,0,7,9,17,23,17,17,4
Rayan Aït-Nouri,Manchester City,DF,24.0,974,10.8,0.0,0.18518518518518517,0.9259259259259258,2.0370370370370368,1.2037037037037037,1.9444444444444444,1.574074074074074,0.9259259259259258,0.18518518518518517,False,20.0,0,2,10,22,13,21,17,10,2
Lucas Bergvall,Tottenham Hotspur,MF,19.0,965,10.7,0.09345794392523366,0.28037383177570097,1.1214953271028039,1.7757009345794394,0.28037383177570097,1.3084112149532712,2.2429906542056077,0.6542056074766356,0.1869158878504673,False,41.7,1,3,12,19,3,14,24,7,2
Rodrigo Gomes,Wolves,"MF,FW",22.0,960,10.7,0.28037383177570097,0.0,1.869158878504673,2.2429906542056077,1.0280373831775702,1.6822429906542058,0.5607476635514019,0.7476635514018692,0.0,False,30.0,3,0,20,24,11,18,6,8,0
Justin Kluivert,Bournemouth,MF,26.0,952,10.6,0.18867924528301888,0.0,1.6037735849056605,3.7735849056603774,0.37735849056603776,0.6603773584905661,1.6981132075471699,0.9433962264150944,0.4716981132075472,False,23.5,2,0,17,40,4,7,18,10,5
Victor Lindelöf,Aston Villa,"DF,MF",31.0,948,10.5,0.0,0.09523809523809523,0.2857142857142857,0.0,0.7619047619047619,0.2857142857142857,0.19047619047619047,0.0,0.0,False,0.0,0,1,3,0,8,3,2,0,0
Jorge Cuenca,Fulham,DF,25.0,938,10.4,0.0,0.0,0.09615384615384615,0.1923076923076923,1.4423076923076923,0.9615384615384615,0.9615384615384615,0.09615384615384615,0.5769230769230769,False,0.0,0,0,1,2,15,10,10,1,6
Conor Bradley,Liverpool,DF,22.0,929,10.3,0.0,0.0970873786407767,0.5825242718446602,2.233009708737864,1.1650485436893203,1.4563106796116503,1.7475728155339805,1.9417475728155338,0.48543689320388345,False,0.0,0,1,6,23,12,15,18,20,5
Ayden Heaven,Manchester Utd,DF,18.0,924,10.3,0.0,0.0970873786407767,0.2912621359223301,0.0970873786407767,0.0970873786407767,1.262135922330097,0.6796116504854368,0.8737864077669902,0.1941747572815534,False,0.0,0,1,3,1,1,13,7,9,2
Jørgen Strand Larsen,Crystal Palace,FW,25.0,903,10.0,0.3,0.0,2.3,0.0,0.1,0.0,2.1,1.0,0.2,False,30.4,3,0,23,0,1,0,21,10,2
Chris Wood,Nottingham Forest,FW,33.0,901,10.0,0.3,0.0,2.3,0.1,0.1,0.1,0.6,0.6,0.0,False,39.1,3,0,23,1,1,1,6,6,0
