player,squad,pos,age,minutes,cluster,cluster_name,distance_to_centroid,margin_to_next,silhouette,att_gls_p90,att_ast_p90,att_sh_p90,att_crs_p90,def_int_p90,def_tklw_p90,disc_fls_p90,disc_fld_p90,disc_crdy_p90,att_sot_pct
Ollie Watkins,Aston Villa,FW,29.0,2839,0,"High goals, shots, shot accuracy; low interceptions, tackles won",1.2025,2.5655,0.4265,0.5079365079365079,0.0952380952380952,2.634920634920635,0.2222222222222222,0.1587301587301587,0.4444444444444444,1.1111111111111112,1.0158730158730158,0.1269841269841269,45.8
Dominic Calvert-Lewin,Leeds United,FW,28.0,2721,0,"High goals, shots, shot accuracy; low interceptions, tackles won",1.351,2.7168,0.434,0.4635761589403974,0.0331125827814569,2.4172185430463577,0.2980132450331126,0.1655629139072847,0.1324503311258278,1.490066225165563,1.225165562913907,0.0993377483443708,46.6
Morgan Rogers,Aston Villa,MF,23.0,3280,0,"High goals, shots, shot accuracy; low interceptions, tackles won",1.4401,0.5124,0.1331,0.2747252747252747,0.1648351648351648,2.307692307692308,1.4010989010989012,0.3571428571428571,0.6318681318681318,1.2637362637362637,1.3461538461538465,0.1923076923076923,38.1
Antoine Semenyo,Manchester City,"MF,FW",25.0,1397,0,"High goals, shots, shot accuracy; low interceptions, tackles won",1.5431,1.8181,0.3354,0.4516129032258064,0.064516129032258,2.193548387096774,1.3548387096774193,0.3870967741935484,0.7096774193548387,1.096774193548387,0.4516129032258064,0.064516129032258,41.2
Callum Wilson,West Ham United,FW,33.0,1251,0,"High goals, shots, shot accuracy; low interceptions, tackles won",1.6695,2.2999,0.4001,0.5035971223021583,0.0719424460431654,2.733812949640288,0.3597122302158273,0.2158273381294964,0.1438848920863309,0.8633093525179856,1.0071942446043165,0.0719424460431654,42.1
Morgan Gibbs-White,Nottingham Forest,MF,25.0,3097,0,"High goals, shots, shot accuracy; low interceptions, tackles won",1.6745,1.2729,0.2705,0.436046511627907,0.1162790697674418,2.412790697674419,1.2209302325581397,0.3488372093023256,0.4651162790697674,0.7558139534883721,1.1918604651162792,0.0290697674418604,38.6
Viktor Gyökeres,Arsenal,FW,27.0,2224,0,"High goals, shots, shot accuracy; low interceptions, tackles won",1.706,2.6015,0.42,0.5668016194331984,0.0404858299595141,2.2267206477732797,0.3238866396761133,0.0404858299595141,0.2024291497975708,1.417004048582996,1.2550607287449391,0.2024291497975708,40.0
Beto,Everton,FW,27.0,1568,0,"High goals, shots, shot accuracy; low interceptions, tackles won",1.7724,2.7423,0.4341,0.5172413793103449,0.0574712643678161,2.4712643678160924,0.1149425287356322,0.0574712643678161,0.2873563218390805,1.8390804597701151,0.6896551724137931,0.1724137931034483,39.5
Tolu Arokodare,Wolves,FW,24.0,1419,0,"High goals, shots, shot accuracy; low interceptions, tackles won",1.7902,1.5062,0.286,0.1898734177215189,0.0632911392405063,2.911392405063291,0.0,0.3164556962025316,0.2531645569620253,1.1392405063291138,1.0759493670886076,0.0632911392405063,34.8
Danny Welbeck,Brighton,FW,34.0,2258,0,"High goals, shots, shot accuracy; low interceptions, tackles won",1.8018,2.5041,0.4112,0.5179282868525896,0.0398406374501992,2.231075697211155,0.1195219123505976,0.3187250996015936,0.5577689243027888,1.235059760956175,0.398406374501992,0.199203187250996,50.0
Noah Okafor,Leeds United,"FW,MF",25.0,1561,0,"High goals, shots, shot accuracy; low interceptions, tackles won",1.8134,1.182,0.2402,0.4624277456647399,0.0578034682080924,2.0231213872832368,2.0809248554913293,0.6936416184971098,0.8670520231213873,1.0404624277456649,0.8092485549132947,0.1734104046242774,42.9
Tijjani Reijnders,Manchester City,MF,27.0,1631,0,"High goals, shots, shot accuracy; low interceptions, tackles won",1.8199,0.6433,0.1529,0.2762430939226519,0.1104972375690607,2.707182320441989,2.3756906077348066,0.6077348066298343,0.2209944751381215,1.049723756906077,0.8287292817679557,0.1104972375690607,32.7
Kevin Schade,Brentford,"MF,FW",23.0,2745,0,"High goals, shots, shot accuracy; low interceptions, tackles won",1.835,0.8196,0.1773,0.2622950819672131,0.0983606557377049,1.8688524590163933,0.7540983606557377,0.6229508196721312,0.8852459016393442,1.639344262295082,1.4098360655737705,0.1967213114754098,42.1
João Pedro,Chelsea,"FW,MF",23.0,2661,0,"High goals, shots, shot accuracy; low interceptions, tackles won",1.9059,1.4351,0.2784,0.5067567567567567,0.1689189189189189,2.466216216216216,0.6081081081081081,0.2027027027027027,0.5743243243243243,1.2837837837837838,1.858108108108108,0.1689189189189189,38.4
Lukas Nmecha,Leeds United,FW,26.0,1083,0,"High goals, shots, shot accuracy; low interceptions, tackles won",1.9067,1.9587,0.3433,0.5,0.0833333333333333,2.5,0.8333333333333334,0.25,0.5833333333333334,1.5,1.5,0.0,53.3
Nick Woltemade,Newcastle United,"FW,MF",23.0,1902,0,"High goals, shots, shot accuracy; low interceptions, tackles won",1.9594,1.1289,0.2369,0.3791469194312796,0.1421800947867298,1.5165876777251184,0.1421800947867298,0.2369668246445497,0.6161137440758293,0.947867298578199,0.947867298578199,0.0,40.6
Richarlison,Tottenham Hotspur,"FW,MF",28.0,1964,0,"High goals, shots, shot accuracy; low interceptions, tackles won",1.9692,1.3034,0.2617,0.5045871559633027,0.18348623853211,2.7981651376146788,0.8256880733944953,0.3211009174311926,0.7339449541284403,1.055045871559633,1.5137614678899085,0.2293577981651376,42.6
Jean-Philippe Mateta,Crystal Palace,FW,28.0,2218,0,"High goals, shots, shot accuracy; low interceptions, tackles won",1.9963,2.3579,0.3976,0.4878048780487805,0.0,2.5609756097560976,0.4471544715447154,0.2439024390243902,0.1626016260162601,0.8536585365853658,0.7723577235772358,0.08130081300813,50.8
Wilson Isidor,Sunderland,FW,24.0,1165,0,"High goals, shots, shot accuracy; low interceptions, tackles won",1.9963,2.4652,0.4004,0.4651162790697674,0.0,3.333333333333333,0.0,0.1550387596899224,0.6201550387596899,1.0852713178294573,0.5426356589147286,0.0775193798449612,39.5
Igor Jesus,Nottingham Forest,FW,24.0,2298,0,"High goals, shots, shot accuracy; low interceptions, tackles won",2.0619,0.911,0.1977,0.2352941176470588,0.1568627450980392,2.7450980392156863,0.392156862745098,0.0784313725490196,0.6274509803921569,1.6470588235294117,1.568627450980392,0.0784313725490196,30.0
Bryan Mbeumo,Manchester Utd,"MF,FW",25.0,2609,0,"High goals, shots, shot accuracy; low interceptions, tackles won",2.0866,0.4439,0.1194,0.3793103448275862,0.1034482758620689,2.5172413793103448,3.6206896551724137,0.2413793103448276,0.3793103448275862,0.7931034482758621,0.9655172413793104,0.1379310344827586,43.8
Evanilson,Bournemouth,FW,25.0,2742,0,"High goals, shots, shot accuracy; low interceptions, tackles won",2.0894,1.2251,0.245,0.1967213114754098,0.0327868852459016,2.360655737704918,0.0983606557377049,0.1967213114754098,0.1639344262295081,0.8524590163934426,1.213114754098361,0.0655737704918032,31.9
Raúl Jiménez,Fulham,FW,34.0,2189,0,"High goals, shots, shot accuracy; low interceptions, tackles won",2.1507,1.4934,0.2781,0.3703703703703703,0.1234567901234567,3.0041152263374484,0.2880658436213991,0.2880658436213991,0.823045267489712,1.8930041152263373,1.39917695473251,0.205761316872428,24.7
Jack Hinshelwood,Brighton,MF,20.0,1741,0,"High goals, shots, shot accuracy; low interceptions, tackles won",2.2154,0.8975,0.1936,0.2072538860103626,0.155440414507772,1.9170984455958548,0.3626943005181347,0.310880829015544,0.6735751295336787,1.6580310880829014,0.6217616580310881,0.0,40.5
Harvey Barnes,Newcastle United,"FW,MF",27.0,1966,0,"High goals, shots, shot accuracy; low interceptions, tackles won",2.2931,0.5741,0.1379,0.3211009174311926,0.0458715596330275,2.6605504587155964,3.3944954128440368,0.1376146788990825,0.2293577981651376,0.7798165137614679,1.055045871559633,0.0458715596330275,36.2
Ismaila Sarr,Crystal Palace,MF,27.0,2174,0,"High goals, shots, shot accuracy; low interceptions, tackles won",2.3379,0.9107,0.1973,0.371900826446281,0.0413223140495867,1.9834710743801651,0.9917355371900828,0.2892561983471075,0.371900826446281,0.4958677685950413,1.7355371900826446,0.0826446280991735,43.8
Kaoru Mitoma,Brighton,"MF,FW",28.0,1721,0,"High goals, shots, shot accuracy; low interceptions, tackles won",2.3534,0.2099,0.0653,0.1570680628272251,0.0523560209424083,1.6753926701570678,2.408376963350785,0.4188481675392669,0.6282722513089005,1.6230366492146595,1.099476439790576,0.2617801047120419,40.6
Rayan,Bournemouth,MF,18.0,1111,0,"High goals, shots, shot accuracy; low interceptions, tackles won",2.3573,0.5001,0.1303,0.4065040650406504,0.1626016260162601,2.2764227642276422,1.951219512195122,0.6504065040650406,0.4878048780487805,0.7317073170731707,0.4878048780487805,0.08130081300813,28.6
Brian Brobbey,Sunderland,FW,23.0,1927,0,"High goals, shots, shot accuracy; low interceptions, tackles won",2.3688,1.6797,0.2923,0.3271028037383178,0.0467289719626168,1.6822429906542058,0.0934579439252336,0.0,0.0934579439252336,1.5420560747663552,1.7289719626168225,0.2803738317757009,50.0
Eberechi Eze,Arsenal,"MF,FW",27.0,1812,0,"High goals, shots, shot accuracy; low interceptions, tackles won",2.38,0.6932,0.1623,0.3482587064676616,0.099502487562189,2.835820895522388,0.3980099502487562,0.5472636815920398,0.6467661691542288,0.6965174129353233,1.890547263681592,0.0497512437810945,31.6
Lyle Foster,Burnley,"FW,MF",24.0,1371,0,"High goals, shots, shot accuracy; low interceptions, tackles won",2.3825,0.4024,0.0857,0.1973684210526315,0.131578947368421,1.3157894736842106,0.3947368421052631,0.2631578947368421,0.7894736842105263,1.4473684210526316,0.8552631578947368,0.2631578947368421,30.0
Cole Palmer,Chelsea,MF,23.0,1955,0,"High goals, shots, shot accuracy; low interceptions, tackles won",2.4102,1.0465,0.2146,0.4608294930875576,0.0460829493087557,2.9493087557603688,1.6129032258064515,0.599078341013825,0.5529953917050692,0.599078341013825,1.7050691244239633,0.2304147465437788,39.1
Matheus Cunha,Manchester Utd,"MF,FW",26.0,2494,0,"High goals, shots, shot accuracy; low interceptions, tackles won",2.4126,0.5724,0.1338,0.3610108303249097,0.0722021660649819,3.249097472924188,1.7689530685920578,0.7581227436823105,0.8303249097472925,1.0108303249097472,1.9494584837545128,0.1444043321299639,38.9
Jørgen Strand Larsen,Crystal Palace,FW,25.0,903,0,"High goals, shots, shot accuracy; low interceptions, tackles won",2.4484,2.1124,0.3495,0.3,0.0,2.3,0.0,0.1,0.0,2.1,1.0,0.2,30.4
Igor Thiago,Brentford,FW,24.0,3282,0,"High goals, shots, shot accuracy; low interceptions, tackles won",2.4515,2.4907,0.3932,0.6027397260273972,0.0273972602739726,2.3013698630136985,0.5205479452054794,0.3287671232876712,0.5753424657534246,2.0273972602739727,0.7123287671232876,0.1917808219178082,51.2
Thierno Barry,Everton,FW,22.0,1914,0,"High goals, shots, shot accuracy; low interceptions, tackles won",2.5369,2.1696,0.3365,0.3755868544600939,0.0,1.784037558685446,0.1877934272300469,0.2347417840375587,0.1877934272300469,2.15962441314554,0.3755868544600939,0.1408450704225352,36.8
Chris Wood,Nottingham Forest,FW,33.0,901,0,"High goals, shots, shot accuracy; low interceptions, tackles won",2.5485,1.5111,0.2565,0.3,0.0,2.3,0.1,0.1,0.1,0.6,0.6,0.0,39.1
Antoine Semenyo,Bournemouth,MF,25.0,1798,0,"High goals, shots, shot accuracy; low interceptions, tackles won",2.6226,1.5108,0.2727,0.5,0.15,2.45,1.4,0.3,1.0,1.85,0.7,0.3,55.1
Eli Junior Kroupi,Bournemouth,"MF,FW",19.0,1672,0,"High goals, shots, shot accuracy; low interceptions, tackles won",2.7092,2.5381,0.3887,0.6989247311827956,0.0,2.7956989247311825,0.5376344086021505,0.4838709677419354,0.3225806451612903,1.4516129032258065,0.6451612903225806,0.2688172043010752,42.3
Hugo Ekitike,Liverpool,FW,23.0,1803,0,"High goals, shots, shot accuracy; low interceptions, tackles won",2.7323,1.8594,0.312,0.55,0.2,3.25,0.35,0.2,0.35,1.75,0.6,0.0,29.2
Tomáš Souček,West Ham United,MF,30.0,2200,0,"High goals, shots, shot accuracy; low interceptions, tackles won",2.7771,0.1572,-0.0085,0.2049180327868852,0.0,1.0655737704918034,0.5737704918032788,0.6557377049180328,0.9426229508196722,1.5163934426229508,0.9016393442622952,0.1229508196721311,53.8
Dominic Solanke,Tottenham Hotspur,FW,27.0,1001,0,"High goals, shots, shot accuracy; low interceptions, tackles won",2.7894,0.8234,0.1277,0.2702702702702703,0.0,1.8018018018018016,0.1801801801801802,0.2702702702702703,1.4414414414414416,1.0810810810810811,0.8108108108108109,0.0900900900900901,55.0
Benjamin Šeško,Manchester Utd,FW,22.0,1643,0,"High goals, shots, shot accuracy; low interceptions, tackles won",2.8007,2.4282,0.3796,0.6010928961748634,0.0546448087431694,3.333333333333333,0.1092896174863388,0.1639344262295081,0.1639344262295081,0.9289617486338796,0.3278688524590163,0.1092896174863388,55.7
Adam Armstrong,Wolves,"FW,MF",28.0,1140,0,"High goals, shots, shot accuracy; low interceptions, tackles won",2.879,0.3124,0.0366,0.1574803149606299,0.1574803149606299,1.4173228346456694,0.3937007874015748,0.0787401574803149,0.3149606299212598,0.9448818897637796,0.2362204724409449,0.2362204724409449,33.3
Valentín Castellanos,West Ham United,FW,26.0,1384,0,"High goals, shots, shot accuracy; low interceptions, tackles won",2.8944,1.967,0.3184,0.3896103896103896,0.0,3.2467532467532467,0.5844155844155844,0.3896103896103896,0.5844155844155844,2.0779220779220777,1.0389610389610389,0.3896103896103896,44.0
Jørgen Strand Larsen,Wolves,FW,25.0,1404,0,"High goals, shots, shot accuracy; low interceptions, tackles won",3.0339,0.6198,0.1051,0.0641025641025641,0.0641025641025641,1.3461538461538465,0.1923076923076923,0.1923076923076923,0.1282051282051282,1.9230769230769231,0.7051282051282052,0.1282051282051282,33.3
Rodrigo Muniz,Fulham,FW,24.0,1000,0,"High goals, shots, shot accuracy; low interceptions, tackles won",3.211,0.6896,0.1455,0.0900900900900901,0.0900900900900901,2.882882882882883,0.1801801801801802,0.1801801801801802,0.2702702702702703,1.891891891891892,1.6216216216216215,0.1801801801801802,15.6
Mikel Merino,Arsenal,"MF,FW",29.0,1036,0,"High goals, shots, shot accuracy; low interceptions, tackles won",3.2458,0.0883,0.0415,0.3478260869565217,0.2608695652173913,1.9130434782608696,0.3478260869565217,0.782608695652174,1.1304347826086956,1.9130434782608696,1.7391304347826086,0.0869565217391304,36.4
Zian Flemming,Burnley,FW,26.0,1768,0,"High goals, shots, shot accuracy; low interceptions, tackles won",3.3001,2.2067,0.3329,0.5612244897959183,0.0,2.653061224489796,0.3061224489795918,0.3061224489795918,0.5102040816326531,2.6020408163265305,1.326530612244898,0.2551020408163265,40.4
Liam Delap,Chelsea,FW,22.0,1107,0,"High goals, shots, shot accuracy; low interceptions, tackles won",3.3658,1.0907,0.1973,0.08130081300813,0.0,2.926829268292683,0.4878048780487805,0.08130081300813,0.2439024390243902,2.032520325203252,1.5447154471544715,0.3252032520325203,30.6
Erling Haaland,Manchester City,FW,25.0,2953,0,"High goals, shots, shot accuracy; low interceptions, tackles won",4.2515,1.7246,0.2564,0.8231707317073171,0.2439024390243902,3.841463414634146,0.0914634146341463,0.1219512195121951,0.2134146341463415,0.7317073170731708,0.7621951219512195,0.0609756097560975,46.8
Diogo Dalot,Manchester Utd,"DF,MF",26.0,2614,1,"Low involvement - below average across all three groups (mean z -0.35), no feature in either quartile",0.9362,1.3262,0.2812,0.0344827586206896,0.1034482758620689,0.8275862068965517,1.9655172413793105,0.896551724137931,1.0344827586206895,0.8620689655172413,0.4827586206896552,0.1724137931034483,25.0
Lutsharel Geertruida,Sunderland,"DF,MF",25.0,1693,1,"Low involvement - below average across all three groups (mean z -0.35), no feature in either quartile",1.1045,1.7594,0.355,0.0,0.0,0.5851063829787234,0.4787234042553191,1.0638297872340423,1.1702127659574468,0.7978723404255319,0.3723404255319149,0.1063829787234042,27.3
Joachim Andersen,Fulham,DF,29.0,2875,1,"Low involvement - below average across all three groups (mean z -0.35), no feature in either quartile",1.1416,1.359,0.3063,0.0,0.0313479623824451,0.5015673981191223,0.4702194357366771,1.0658307210031348,0.8150470219435737,0.9404388714733544,0.4075235109717868,0.219435736677116,25.0
Marc Guéhi,Crystal Palace,DF,25.0,1800,1,"Low involvement - below average across all three groups (mean z -0.35), no feature in either quartile",1.1754,1.1142,0.2726,0.1,0.1,0.75,0.5,1.2,0.95,0.7,0.9,0.2,26.7
Harry Maguire,Manchester Utd,DF,32.0,1653,1,"Low involvement - below average across all three groups (mean z -0.35), no feature in either quartile",1.2117,1.2575,0.2852,0.0543478260869565,0.108695652173913,0.7608695652173914,0.2173913043478261,0.6521739130434783,0.923913043478261,0.8695652173913044,0.8695652173913044,0.1630434782608695,28.6
Sven Botman,Newcastle United,DF,25.0,1835,1,"Low involvement - below average across all three groups (mean z -0.35), no feature in either quartile",1.2277,1.8541,0.3735,0.0490196078431372,0.0490196078431372,0.7352941176470589,0.0980392156862745,1.2254901960784317,0.6862745098039216,0.6372549019607844,0.931372549019608,0.0980392156862745,26.7
Maxence Lacroix,Crystal Palace,DF,25.0,3085,1,"Low involvement - below average across all three groups (mean z -0.35), no feature in either quartile",1.2283,1.2672,0.2947,0.0291545189504373,0.0583090379008746,0.728862973760933,0.1457725947521866,1.3119533527696794,1.1078717201166182,0.9912536443148688,0.5539358600583091,0.1166180758017492,28.0
Trevoh Chalobah,Chelsea,DF,26.0,2783,1,"Low involvement - below average across all three groups (mean z -0.35), no feature in either quartile",1.2606,2.0652,0.4,0.0970873786407767,0.0,0.5177993527508091,0.1618122977346278,1.197411003236246,0.7119741100323624,0.6472491909385114,0.5825242718446603,0.0970873786407767,31.3
Kobbie Mainoo,Manchester Utd,MF,20.0,1662,1,"Low involvement - below average across all three groups (mean z -0.35), no feature in either quartile",1.3017,1.2325,0.2821,0.054054054054054,0.1081081081081081,0.7027027027027027,0.7027027027027027,1.027027027027027,1.0810810810810811,0.6486486486486487,1.1891891891891893,0.1081081081081081,23.1
Martín Zubimendi,Arsenal,MF,26.0,2992,1,"Low involvement - below average across all three groups (mean z -0.35), no feature in either quartile",1.3402,1.223,0.2863,0.1506024096385542,0.0301204819277108,0.8132530120481927,0.3915662650602409,1.1746987951807228,1.1746987951807228,0.9939759036144578,0.4518072289156626,0.1204819277108433,33.3
Toti Gomes,Wolves,DF,26.0,1424,1,"Low involvement - below average across all three groups (mean z -0.35), no feature in either quartile",1.3411,1.9862,0.3882,0.0,0.0,0.3164556962025316,0.6962025316455696,0.8227848101265822,0.6962025316455696,0.6962025316455696,0.6962025316455696,0.1265822784810126,40.0
Pascal Struijk,Leeds United,DF,25.0,2936,1,"Low involvement - below average across all three groups (mean z -0.35), no feature in either quartile",1.3797,1.4773,0.3248,0.0,0.0306748466257668,0.950920245398773,0.0613496932515337,0.98159509202454,0.6748466257668712,0.8282208588957055,0.6748466257668712,0.1533742331288343,16.1
Vitaliy Mykolenko,Everton,DF,26.0,2958,1,"Low involvement - below average across all three groups (mean z -0.35), no feature in either quartile",1.3897,1.1667,0.2662,0.0,0.0303951367781155,0.2735562310030395,2.8267477203647418,0.8206686930091186,0.7598784194528876,0.8814589665653496,0.851063829787234,0.182370820668693,22.2
Sander Berge,Fulham,MF,27.0,2905,1,"Low involvement - below average across all three groups (mean z -0.35), no feature in either quartile",1.393,0.955,0.2383,0.0,0.0309597523219814,0.43343653250774,0.4024767801857585,0.8049535603715171,1.2693498452012384,1.08359133126935,0.43343653250774,0.1547987616099071,21.4
Kristoffer Ajer,Brentford,DF,27.0,1810,1,"Low involvement - below average across all three groups (mean z -0.35), no feature in either quartile",1.4834,0.9473,0.2376,0.0,0.0497512437810945,0.4975124378109452,0.3482587064676616,0.7462686567164178,1.144278606965174,1.144278606965174,0.2487562189054726,0.1990049751243781,30.0
Curtis Jones,Liverpool,"MF,DF",24.0,1937,1,"Low involvement - below average across all three groups (mean z -0.35), no feature in either quartile",1.485,1.0421,0.2523,0.0465116279069767,0.0930232558139534,1.0232558139534884,0.7441860465116279,0.8372093023255814,1.069767441860465,0.7906976744186046,1.3488372093023255,0.0930232558139534,31.8
Jaka Bijol,Leeds United,DF,26.0,1890,1,"Low involvement - below average across all three groups (mean z -0.35), no feature in either quartile",1.5003,1.4907,0.329,0.0476190476190476,0.0952380952380952,0.7142857142857143,0.0476190476190476,1.0476190476190477,0.6190476190476191,0.9047619047619048,0.4761904761904761,0.1904761904761904,40.0
Joe Rodon,Leeds United,DF,27.0,2951,1,"Low involvement - below average across all three groups (mean z -0.35), no feature in either quartile",1.5208,2.2166,0.4148,0.0609756097560975,0.0,0.5487804878048781,0.1829268292682927,0.9146341463414634,0.5792682926829269,0.5182926829268293,0.5792682926829269,0.0914634146341463,38.9
Nathan Collins,Brentford,DF,24.0,2975,1,"Low involvement - below average across all three groups (mean z -0.35), no feature in either quartile",1.5534,1.784,0.3634,0.0302114803625377,0.0604229607250755,0.6042296072507553,0.0302114803625377,1.0876132930513596,0.3927492447129909,0.6042296072507553,0.5135951661631419,0.2114803625377643,30.0
Ibrahima Konaté,Liverpool,DF,26.0,3090,1,"Low involvement - below average across all three groups (mean z -0.35), no feature in either quartile",1.5588,0.8416,0.2333,0.0291545189504373,0.0,0.3498542274052478,0.0874635568513119,0.8163265306122449,0.9037900874635568,0.9620991253644317,1.1953352769679302,0.2040816326530612,33.3
Murillo,Nottingham Forest,DF,23.0,2130,1,"Low involvement - below average across all three groups (mean z -0.35), no feature in either quartile",1.5656,1.2019,0.2884,0.0421940928270042,0.0,0.4641350210970464,0.0843881856540084,1.2236286919831223,0.9704641350210972,0.9704641350210972,0.2953586497890295,0.2109704641350211,36.4
Lesley Ugochukwu,Burnley,MF,21.0,2336,1,"Low involvement - below average across all three groups (mean z -0.35), no feature in either quartile",1.5872,0.8898,0.2314,0.1153846153846153,0.0384615384615384,0.8846153846153846,0.2692307692307692,0.6538461538461539,1.0,1.0769230769230769,1.1538461538461535,0.1153846153846153,34.8
Omar Alderete,Sunderland,DF,28.0,2798,1,"Low involvement - below average across all three groups (mean z -0.35), no feature in either quartile",1.5924,1.3556,0.309,0.0321543408360128,0.0321543408360128,0.7717041800643086,0.3536977491961414,1.157556270096463,0.5787781350482315,1.0932475884244373,0.3215434083601286,0.1929260450160771,37.5
Joško Gvardiol,Manchester City,DF,23.0,1372,1,"Low involvement - below average across all three groups (mean z -0.35), no feature in either quartile",1.6086,1.169,0.2731,0.131578947368421,0.131578947368421,1.118421052631579,0.131578947368421,1.0526315789473684,0.8552631578947368,1.0526315789473684,0.4605263157894737,0.131578947368421,35.3
Gabriel Magalhães,Arsenal,DF,27.0,2751,1,"Low involvement - below average across all three groups (mean z -0.35), no feature in either quartile",1.6111,1.1694,0.2755,0.0980392156862745,0.130718954248366,0.8823529411764706,0.196078431372549,0.7189542483660131,0.6535947712418301,0.6862745098039216,1.1111111111111112,0.130718954248366,25.9
Matthijs de Ligt,Manchester Utd,DF,25.0,1170,1,"Low involvement - below average across all three groups (mean z -0.35), no feature in either quartile",1.6221,2.1903,0.401,0.0769230769230769,0.0,0.8461538461538461,0.3076923076923077,0.8461538461538461,1.0,0.4615384615384615,0.3846153846153846,0.0,27.3
William Saliba,Arsenal,DF,24.0,2614,1,"Low involvement - below average across all three groups (mean z -0.35), no feature in either quartile",1.6675,1.8631,0.3643,0.0344827586206896,0.0,0.1724137931034483,0.3103448275862069,0.5172413793103449,0.7931034482758621,0.7586206896551724,0.5517241379310345,0.0689655172413793,20.0
Noah Sadiki,Sunderland,MF,20.0,2889,1,"Low involvement - below average across all three groups (mean z -0.35), no feature in either quartile",1.6913,0.2477,0.1343,0.0,0.0311526479750778,0.5919003115264797,0.6542056074766355,1.02803738317757,0.8099688473520249,0.9657320872274144,1.2461059190031152,0.2803738317757009,26.3
Michael Keane,Everton,DF,32.0,2591,1,"Low involvement - below average across all three groups (mean z -0.35), no feature in either quartile",1.6976,2.0448,0.3877,0.1041666666666666,0.0347222222222222,0.9375,0.0347222222222222,1.284722222222222,0.8333333333333333,0.5555555555555556,0.2083333333333333,0.0347222222222222,25.9
Matheus Nunes,Manchester City,DF,26.0,2862,1,"Low involvement - below average across all three groups (mean z -0.35), no feature in either quartile",1.7149,0.984,0.2346,0.0314465408805031,0.1572327044025157,0.220125786163522,2.1069182389937104,0.9119496855345912,1.2893081761006289,0.5345911949685535,0.9433962264150944,0.1572327044025157,28.6
Marcos Senesi,Bournemouth,DF,28.0,3288,1,"Low involvement - below average across all three groups (mean z -0.35), no feature in either quartile",1.723,0.4529,0.1674,0.0,0.136986301369863,0.4657534246575342,0.7671232876712328,1.36986301369863,0.9315068493150684,0.958904109589041,1.0136986301369864,0.2191780821917808,29.4
Michael Kayode,Brentford,DF,21.0,3258,1,"Low involvement - below average across all three groups (mean z -0.35), no feature in either quartile",1.7657,0.3488,0.1419,0.0276243093922651,0.0276243093922651,0.2486187845303867,1.5469613259668509,1.0773480662983426,1.298342541436464,0.718232044198895,1.3812154696132597,0.2209944751381215,33.3
Milos Kerkez,Liverpool,DF,21.0,2257,1,"Low involvement - below average across all three groups (mean z -0.35), no feature in either quartile",1.8066,0.6348,0.1764,0.0796812749003984,0.0398406374501992,0.3585657370517928,3.147410358565737,0.597609561752988,1.0358565737051793,0.8764940239043825,1.195219123505976,0.1593625498007968,22.2
Ao Tanaka,Leeds United,MF,26.0,1315,1,"Low involvement - below average across all three groups (mean z -0.35), no feature in either quartile",1.8424,1.0914,0.2524,0.136986301369863,0.0,1.1643835616438356,2.671232876712329,1.4383561643835616,1.0273972602739727,0.8904109589041096,0.684931506849315,0.0684931506849315,29.4
Micky van de Ven,Tottenham Hotspur,DF,24.0,3041,1,"Low involvement - below average across all three groups (mean z -0.35), no feature in either quartile",1.8433,1.1885,0.2799,0.1183431952662722,0.029585798816568,0.4733727810650888,0.0887573964497041,0.6213017751479291,0.591715976331361,0.8284023668639054,0.6508875739644971,0.2662721893491124,37.5
Sepp van den Berg,Brentford,DF,23.0,2763,1,"Low involvement - below average across all three groups (mean z -0.35), no feature in either quartile",1.8548,2.1979,0.4009,0.0,0.0651465798045602,0.749185667752443,0.0,0.8469055374592834,0.2931596091205212,0.4885993485342019,0.3583061889250814,0.0651465798045602,30.4
Timothy Castagne,Fulham,"DF,MF",29.0,1845,1,"Low involvement - below average across all three groups (mean z -0.35), no feature in either quartile",1.8567,0.8491,0.224,0.0,0.0,0.6829268292682927,2.341463414634146,1.3658536585365857,1.170731707317073,0.8780487804878049,0.5365853658536586,0.1951219512195122,42.9
Daniel Ballard,Sunderland,DF,25.0,2149,1,"Low involvement - below average across all three groups (mean z -0.35), no feature in either quartile",1.864,0.6282,0.1919,0.0836820083682008,0.0,1.087866108786611,0.0418410041841004,0.8368200836820084,0.7112970711297072,1.2133891213389123,1.2133891213389123,0.1673640167364017,34.6
Emile Smith Rowe,Fulham,MF,25.0,1923,1,"Low involvement - below average across all three groups (mean z -0.35), no feature in either quartile",1.8684,1.597,0.3238,0.1401869158878504,0.0,1.6822429906542058,0.6074766355140188,1.0280373831775702,1.0280373831775702,0.4672897196261683,0.7943925233644861,0.0467289719626168,30.6
Jaydee Canvot,Crystal Palace,DF,19.0,1336,1,"Low involvement - below average across all three groups (mean z -0.35), no feature in either quartile",1.9102,0.6462,0.1841,0.0,0.0,0.4729729729729729,0.3378378378378378,0.8108108108108107,1.4864864864864864,0.8108108108108107,0.4729729729729729,0.2027027027027027,14.3
Emmanuel Agbadou,Wolves,DF,28.0,1101,1,"Low involvement - below average across all three groups (mean z -0.35), no feature in either quartile",1.9303,0.9365,0.2249,0.0,0.0,0.819672131147541,1.0655737704918034,1.1475409836065575,1.7213114754098362,0.819672131147541,0.4098360655737705,0.0819672131147541,30.0
Fabian Schär,Newcastle United,DF,33.0,1091,1,"Low involvement - below average across all three groups (mean z -0.35), no feature in either quartile",1.9341,1.0252,0.2477,0.0,0.0,1.4049586776859504,0.3305785123966942,1.322314049586777,0.7438016528925621,1.2396694214876034,0.578512396694215,0.0826446280991735,23.5
Rúben Dias,Manchester City,DF,28.0,2141,1,"Low involvement - below average across all three groups (mean z -0.35), no feature in either quartile",1.9351,2.0713,0.3858,0.0840336134453781,0.0,0.4201680672268907,0.3781512605042016,0.9663865546218487,0.2521008403361344,0.6302521008403361,0.3781512605042016,0.1260504201680672,40.0
Jan Paul van Hecke,Brighton,DF,25.0,3210,1,"Low involvement - below average across all three groups (mean z -0.35), no feature in either quartile",1.9435,0.6061,0.1945,0.0840336134453781,0.0840336134453781,0.6442577030812324,0.6442577030812324,1.2605042016806722,0.8683473389355741,0.7563025210084033,1.2044817927170868,0.2521008403361344,43.5
Idrissa Gana Gueye,Everton,MF,35.0,2093,1,"Low involvement - below average across all three groups (mean z -0.35), no feature in either quartile",1.9539,0.869,0.2217,0.0858369098712446,0.1287553648068669,1.2446351931330473,0.815450643776824,1.2446351931330473,0.9012875536480688,0.9012875536480688,1.330472103004292,0.0429184549356223,24.1
Freddie Potts,West Ham United,MF,21.0,1171,1,"Low involvement - below average across all three groups (mean z -0.35), no feature in either quartile",1.9655,0.4064,0.1378,0.0,0.0769230769230769,0.2307692307692307,2.6153846153846154,1.2307692307692308,1.3846153846153846,1.1538461538461535,1.0769230769230769,0.0769230769230769,33.3
Malick Thiaw,Newcastle United,DF,23.0,2965,1,"Low involvement - below average across all three groups (mean z -0.35), no feature in either quartile",1.9675,1.5638,0.33,0.121580547112462,0.0,0.851063829787234,0.2735562310030395,0.9118541033434652,1.033434650455927,0.729483282674772,0.3343465045592705,0.121580547112462,50.0
Chris Richards,Crystal Palace,DF,25.0,2827,1,"Low involvement - below average across all three groups (mean z -0.35), no feature in either quartile",1.9702,1.4796,0.3115,0.0318471337579617,0.0,0.4777070063694267,0.445859872611465,1.3694267515923568,1.1146496815286624,0.5414012738853503,0.1592356687898089,0.1273885350318471,13.3
Bashir Humphreys,Burnley,"DF,MF",22.0,1578,1,"Low involvement - below average across all three groups (mean z -0.35), no feature in either quartile",1.976,0.6065,0.1833,0.0,0.0,0.5142857142857142,0.9714285714285714,0.6285714285714286,0.9714285714285714,0.8,0.5714285714285714,0.3428571428571428,33.3
James Tarkowski,Everton,DF,32.0,3330,1,"Low involvement - below average across all three groups (mean z -0.35), no feature in either quartile",1.9885,1.0028,0.2545,0.054054054054054,0.081081081081081,0.5405405405405406,0.1891891891891892,0.7837837837837838,0.8108108108108109,0.8648648648648649,0.945945945945946,0.2162162162162162,50.0
Jake O'Brien,Everton,DF,24.0,3120,1,"Low involvement - below average across all three groups (mean z -0.35), no feature in either quartile",2.0045,1.5167,0.3141,0.0288184438040345,0.0288184438040345,0.3746397694524495,1.4121037463976944,0.3746397694524495,0.9221902017291066,0.6628242074927954,0.4899135446685878,0.1729106628242074,46.2
Ryan Gravenberch,Liverpool,MF,23.0,2992,1,"Low involvement - below average across all three groups (mean z -0.35), no feature in either quartile",2.0068,0.145,0.1105,0.1506024096385542,0.0903614457831325,1.1445783132530118,0.2409638554216867,1.325301204819277,1.0542168674698795,1.1445783132530118,1.2650602409638554,0.1506024096385542,34.2
Malo Gusto,Chelsea,"DF,MF",22.0,2261,1,"Low involvement - below average across all three groups (mean z -0.35), no feature in either quartile",2.0472,0.9029,0.2316,0.0796812749003984,0.1195219123505976,0.4780876494023904,2.310756972111553,1.195219123505976,0.9163346613545816,0.796812749003984,0.796812749003984,0.199203187250996,50.0
Leny Yoro,Manchester Utd,DF,19.0,1740,1,"Low involvement - below average across all three groups (mean z -0.35), no feature in either quartile",2.0676,1.5117,0.3148,0.0,0.0,0.466321243523316,0.155440414507772,1.6062176165803108,1.0362694300518134,0.8808290155440415,0.2590673575129533,0.0518134715025906,33.3
James Hill,Bournemouth,DF,23.0,2106,1,"Low involvement - below average across all three groups (mean z -0.35), no feature in either quartile",2.0818,0.856,0.2211,0.0,0.1282051282051282,0.5128205128205129,0.4700854700854701,1.5811965811965814,0.8547008547008548,0.7264957264957266,0.5555555555555556,0.2136752136752137,16.7
Ladislav Krejčí,Wolves,"DF,MF",26.0,2356,1,"Low involvement - below average across all three groups (mean z -0.35), no feature in either quartile",2.0969,0.8964,0.2337,0.0763358778625954,0.0381679389312977,0.8015267175572519,0.648854961832061,1.2213740458015268,0.8015267175572519,1.2595419847328244,0.2671755725190839,0.1908396946564885,47.6
Ferdi Kadioglu,Brighton,"DF,MF",25.0,3133,1,"Low involvement - below average across all three groups (mean z -0.35), no feature in either quartile",2.0976,0.948,0.2274,0.028735632183908,0.0,0.8045977011494253,3.132183908045977,0.7183908045977012,1.120689655172414,0.632183908045977,1.0344827586206895,0.1724137931034483,46.4
Amadou Onana,Aston Villa,MF,23.0,1758,1,"Low involvement - below average across all three groups (mean z -0.35), no feature in either quartile",2.1247,0.0713,0.0867,0.1025641025641025,0.0,0.9743589743589745,0.0,0.9743589743589745,1.5384615384615383,1.0256410256410255,1.2820512820512822,0.1538461538461538,36.8
Jordan Henderson,Brentford,MF,35.0,1919,1,"Low involvement - below average across all three groups (mean z -0.35), no feature in either quartile",2.1324,1.0278,0.2381,0.0469483568075117,0.1408450704225352,0.2816901408450704,2.2535211267605635,0.7511737089201878,0.6572769953051643,0.6103286384976525,0.3286384976525821,0.2816901408450704,16.7
Dwight McNeil,Everton,MF,25.0,1168,1,"Low involvement - below average across all three groups (mean z -0.35), no feature in either quartile",2.1363,0.5888,0.1634,0.0,0.0769230769230769,1.8461538461538465,3.076923076923077,0.7692307692307693,1.2307692307692308,0.8461538461538461,0.5384615384615384,0.0769230769230769,20.8
Hjalmar Ekdal,Burnley,DF,26.0,1539,1,"Low involvement - below average across all three groups (mean z -0.35), no feature in either quartile",2.1388,2.0727,0.3771,0.0,0.0,0.3508771929824561,0.0584795321637426,0.7017543859649122,0.9941520467836256,0.2923976608187134,0.4093567251461988,0.0,16.7
Sandro Tonali,Newcastle United,MF,25.0,2534,1,"Low involvement - below average across all three groups (mean z -0.35), no feature in either quartile",2.141,0.2346,0.1083,0.0,0.0709219858156028,1.3120567375886525,3.368794326241135,0.9929078014184396,0.8865248226950355,0.851063829787234,1.4893617021276595,0.1418439716312056,21.6
El Hadji Malick Diouf,West Ham United,"DF,MF",20.0,2707,1,"Low involvement - below average across all three groups (mean z -0.35), no feature in either quartile",2.1526,0.6081,0.1744,0.0,0.1661129568106312,0.5980066445182723,3.6212624584717608,1.0631229235880395,0.6312292358803986,0.9302325581395348,0.8305647840531561,0.1993355481727574,22.2
Maxime Estève,Burnley,DF,23.0,2932,1,"Low involvement - below average across all three groups (mean z -0.35), no feature in either quartile",2.1563,1.9198,0.3636,0.0,0.0,0.3067484662576687,0.1840490797546012,1.134969325153374,0.8282208588957055,0.3987730061349693,0.3680981595092024,0.0306748466257668,10.0
Konstantinos Mavropanos,West Ham United,DF,27.0,2534,1,"Low involvement - below average across all three groups (mean z -0.35), no feature in either quartile",2.168,1.683,0.3349,0.1063829787234042,0.0,0.8156028368794327,0.1418439716312056,1.6666666666666667,0.851063829787234,0.5673758865248227,0.3191489361702128,0.0709219858156028,34.8
Lucas,Burnley,"MF,DF",24.0,1409,1,"Low involvement - below average across all three groups (mean z -0.35), no feature in either quartile",2.1702,0.9069,0.2109,0.0,0.0,1.019108280254777,3.56687898089172,1.2101910828025475,1.4012738853503186,0.9554140127388536,0.2547770700636942,0.0636942675159235,25.0
Tyrick Mitchell,Crystal Palace,MF,25.0,3251,1,"Low involvement - below average across all three groups (mean z -0.35), no feature in either quartile",2.173,0.4292,0.1345,0.0277008310249307,0.0554016620498614,0.5263157894736842,2.880886426592798,0.9141274238227146,1.8005540166204983,0.6648199445983379,0.7756232686980609,0.1662049861495844,36.8
Marc Guéhi,Manchester City,DF,25.0,1350,1,"Low involvement - below average across all three groups (mean z -0.35), no feature in either quartile",2.175,0.783,0.2105,0.0666666666666666,0.0666666666666666,1.1333333333333333,0.4666666666666667,1.6666666666666667,0.8,0.7333333333333333,1.3333333333333333,0.1333333333333333,29.4
Ilia Gruev,Leeds United,MF,25.0,1323,1,"Low involvement - below average across all three groups (mean z -0.35), no feature in either quartile",2.1799,0.4218,0.1415,0.0,0.2040816326530612,0.4761904761904762,1.08843537414966,0.9523809523809524,0.8843537414965987,1.08843537414966,0.6122448979591837,0.2040816326530612,14.3
Adrien Truffert,Bournemouth,DF,23.0,3379,1,"Low involvement - below average across all three groups (mean z -0.35), no feature in either quartile",2.2106,0.3055,0.1151,0.0266666666666666,0.1333333333333333,0.4266666666666667,3.786666666666666,1.1466666666666667,1.36,1.04,0.8533333333333334,0.1333333333333333,37.5
Nikola Milenković,Nottingham Forest,DF,27.0,3375,1,"Low involvement - below average across all three groups (mean z -0.35), no feature in either quartile",2.2166,1.5469,0.3209,0.0,0.0,0.4266666666666667,0.0533333333333333,0.7733333333333333,0.5066666666666667,0.56,0.5333333333333333,0.16,6.3
Ola Aina,Nottingham Forest,DF,28.0,1588,1,"Low involvement - below average across all three groups (mean z -0.35), no feature in either quartile",2.2209,0.497,0.1518,0.0,0.0,0.6818181818181818,2.215909090909091,1.477272727272727,1.193181818181818,0.7386363636363635,0.8522727272727272,0.1704545454545454,8.3
Pau Torres,Aston Villa,DF,28.0,1676,1,"Low involvement - below average across all three groups (mean z -0.35), no feature in either quartile",2.2216,1.9762,0.3687,0.0,0.0,0.4838709677419354,0.2150537634408602,0.5913978494623655,0.7526881720430108,0.3763440860215054,0.2688172043010752,0.053763440860215,11.1
Lewis Dunk,Brighton,DF,33.0,2838,1,"Low involvement - below average across all three groups (mean z -0.35), no feature in either quartile",2.2516,1.0655,0.2472,0.0317460317460317,0.0,0.7301587301587301,0.1587301587301587,0.9523809523809524,0.6984126984126984,0.4444444444444444,0.3809523809523809,0.3174603174603174,13.0
Calvin Bassey,Fulham,DF,25.0,2534,1,"Low involvement - below average across all three groups (mean z -0.35), no feature in either quartile",2.2697,0.143,0.0909,0.0354609929078014,0.0,0.425531914893617,0.4964539007092198,0.7801418439716312,1.1347517730496457,0.9929078014184396,1.4184397163120568,0.1773049645390071,8.3
Granit Xhaka,Sunderland,MF,32.0,2904,1,"Low involvement - below average across all three groups (mean z -0.35), no feature in either quartile",2.2766,0.1277,0.0872,0.0309597523219814,0.1857585139318885,0.65015479876161,3.0650154798761613,0.8978328173374613,1.021671826625387,0.7120743034055729,1.238390092879257,0.2476780185758514,23.8
Morato,Nottingham Forest,DF,24.0,1345,1,"Low involvement - below average across all three groups (mean z -0.35), no feature in either quartile",2.2825,0.2119,0.1129,0.0671140939597315,0.0,0.3355704697986577,0.1342281879194631,0.7382550335570469,1.2080536912751678,1.0738255033557047,0.4697986577181208,0.3355704697986577,40.0
Mathias Jensen,Brentford,MF,29.0,2247,1,"Low involvement - below average across all three groups (mean z -0.35), no feature in either quartile",2.3027,0.3378,0.108,0.12,0.04,1.16,4.96,0.84,0.92,0.8,0.6,0.12,27.6
Jackson Tchatchoua,Wolves,"MF,DF",23.0,1845,1,"Low involvement - below average across all three groups (mean z -0.35), no feature in either quartile",2.3027,1.2573,0.2588,0.0,0.048780487804878,0.1463414634146341,4.390243902439025,0.6829268292682927,0.7317073170731707,0.3902439024390244,0.4390243902439024,0.1463414634146341,33.3
Axel Tuanzebe,Burnley,DF,27.0,1201,1,"Low involvement - below average across all three groups (mean z -0.35), no feature in either quartile",2.3145,1.7738,0.3431,0.075187969924812,0.0,0.150375939849624,0.075187969924812,0.9022556390977444,0.6015037593984962,0.9774436090225564,0.150375939849624,0.075187969924812,50.0
Virgil van Dijk,Liverpool,DF,34.0,3420,1,"Low involvement - below average across all three groups (mean z -0.35), no feature in either quartile",2.3179,1.209,0.2477,0.1578947368421052,0.0,0.7894736842105263,0.0263157894736842,0.6842105263157895,0.3947368421052631,0.5,0.4736842105263157,0.1052631578947368,46.7
Tyrone Mings,Aston Villa,DF,32.0,1324,1,"Low involvement - below average across all three groups (mean z -0.35), no feature in either quartile",2.3892,1.8382,0.3466,0.0,0.0,0.6122448979591837,0.272108843537415,0.7482993197278912,0.1360544217687075,0.6802721088435374,0.54421768707483,0.0680272108843537,11.1
Archie Gray,Tottenham Hotspur,"MF,DF",19.0,1478,1,"Low involvement - below average across all three groups (mean z -0.35), no feature in either quartile",2.4511,1.1189,0.2499,0.1219512195121951,0.1219512195121951,0.6707317073170732,0.7317073170731708,1.0365853658536586,0.4878048780487805,0.7317073170731708,0.1219512195121951,0.3048780487804878,45.5
Alex Iwobi,Fulham,MF,29.0,2419,1,"Low involvement - below average across all three groups (mean z -0.35), no feature in either quartile",2.5002,0.1271,0.0699,0.1486988847583643,0.1115241635687732,1.449814126394052,3.271375464684015,0.5576208178438662,0.6691449814126395,0.2973977695167286,0.3717472118959108,0.1115241635687732,38.5
Max Kilman,West Ham United,DF,28.0,1561,1,"Low involvement - below average across all three groups (mean z -0.35), no feature in either quartile",2.5503,1.2343,0.2618,0.0,0.0,0.4046242774566473,0.1156069364161849,0.3468208092485549,0.4624277456647399,0.9248554913294798,0.1156069364161849,0.2312138728323699,14.3
Kyle Walker,Burnley,"DF,MF",35.0,3096,1,"Low involvement - below average across all three groups (mean z -0.35), no feature in either quartile",2.5574,0.2796,0.1131,0.0,0.0581395348837209,0.1162790697674418,1.0755813953488371,1.25,0.9302325581395348,0.9302325581395348,0.6395348837209303,0.2616279069767442,0.0
Yasin Ayari,Brighton,MF,21.0,1929,1,"Low involvement - below average across all three groups (mean z -0.35), no feature in either quartile",2.572,0.0673,0.0765,0.1401869158878504,0.1401869158878504,1.9158878504672896,1.121495327102804,1.2149532710280375,1.1682242990654206,1.121495327102804,1.3084112149532712,0.0467289719626168,24.4
Josh Cullen,Burnley,MF,29.0,1514,1,"Low involvement - below average across all three groups (mean z -0.35), no feature in either quartile",2.5754,0.6455,0.1821,0.119047619047619,0.119047619047619,0.6547619047619048,0.7142857142857143,1.4285714285714286,1.130952380952381,0.9523809523809524,1.0714285714285714,0.119047619047619,54.5
Abdukodir Khusanov,Manchester City,DF,21.0,1432,1,"Low involvement - below average across all three groups (mean z -0.35), no feature in either quartile",2.6025,0.7521,0.1887,0.0,0.0,0.440251572327044,0.1886792452830188,1.8238993710691824,1.2578616352201255,0.8805031446540881,0.3773584905660377,0.1257861635220125,14.3
Bafodé Diakité,Bournemouth,DF,24.0,1277,1,"Low involvement - below average across all three groups (mean z -0.35), no feature in either quartile",2.6657,1.4181,0.2874,0.0,0.0,0.0704225352112676,0.0704225352112676,0.7042253521126761,1.0563380281690142,0.5633802816901409,0.2816901408450704,0.0704225352112676,0.0
Rico Henry,Brentford,DF,28.0,1328,1,"Low involvement - below average across all three groups (mean z -0.35), no feature in either quartile",2.6831,0.5675,0.1587,0.0,0.0675675675675675,0.3378378378378378,1.7567567567567566,0.4729729729729729,0.7432432432432432,1.0135135135135134,1.148648648648649,0.1351351351351351,0.0
Ezri Konsa,Aston Villa,DF,27.0,3035,1,"Low involvement - below average across all three groups (mean z -0.35), no feature in either quartile",2.6882,1.7462,0.3193,0.0,0.0,0.3264094955489613,0.1483679525222551,0.6528189910979227,0.2373887240356083,0.3264094955489613,1.2462908011869436,0.0,18.2
Andrew Robertson,Liverpool,DF,31.0,1176,1,"Low involvement - below average across all three groups (mean z -0.35), no feature in either quartile",2.6928,1.1953,0.2373,0.0763358778625954,0.0,0.7633587786259542,4.0458015267175576,0.5343511450381679,0.7633587786259542,0.3053435114503817,0.0763358778625954,0.0,30.0
Lisandro Martínez,Manchester Utd,DF,27.0,1233,1,"Low involvement - below average across all three groups (mean z -0.35), no feature in either quartile",2.7313,1.6378,0.3124,0.0,0.0,0.364963503649635,0.145985401459854,0.8759124087591241,0.8029197080291971,0.6569343065693432,0.145985401459854,0.0,0.0
Ryan Sessegnon,Fulham,"DF,MF",25.0,1823,1,"Low involvement - below average across all three groups (mean z -0.35), no feature in either quartile",2.7827,0.3863,0.1101,0.147783251231527,0.0492610837438423,0.7881773399014778,2.70935960591133,1.1330049261083743,1.4285714285714286,1.625615763546798,0.147783251231527,0.0,25.0
Jean-Clair Todibo,West Ham United,DF,25.0,1814,1,"Low involvement - below average across all three groups (mean z -0.35), no feature in either quartile",2.8072,0.9039,0.2086,0.0,0.0495049504950495,0.099009900990099,0.099009900990099,0.7920792079207921,1.188118811881188,0.4455445544554455,0.1485148514851485,0.2475247524752475,0.0
Lewis Miley,Newcastle United,"MF,DF",19.0,1496,1,"Low involvement - below average across all three groups (mean z -0.35), no feature in either quartile",2.8425,0.8352,0.1877,0.0602409638554216,0.2409638554216867,0.7228915662650601,2.5301204819277108,1.2048192771084336,1.0843373493975903,0.3012048192771084,0.2409638554216867,0.0,33.3
Axel Disasi,West Ham United,DF,27.0,1254,1,"Low involvement - below average across all three groups (mean z -0.35), no feature in either quartile",2.8727,1.9178,0.3388,0.0,0.0,0.3597122302158273,0.0,0.8633093525179856,0.7194244604316546,0.3597122302158273,0.2877697841726618,0.0719424460431654,60.0
Djed Spence,Tottenham Hotspur,"DF,MF",24.0,2055,1,"Low involvement - below average across all three groups (mean z -0.35), no feature in either quartile",2.9319,0.4899,0.1465,0.0,0.0,0.5701754385964912,2.149122807017544,0.6578947368421052,1.0964912280701753,1.2280701754385963,0.9210526315789472,0.175438596491228,61.5
Rodrigo Gomes,Wolves,"MF,FW",22.0,960,1,"Low involvement - below average across all three groups (mean z -0.35), no feature in either quartile",3.0168,0.6606,0.1563,0.2803738317757009,0.0,1.869158878504673,2.242990654205608,1.0280373831775702,1.6822429906542058,0.5607476635514019,0.7476635514018692,0.0,30.0
Nicolò Savona,Nottingham Forest,DF,22.0,1028,1,"Low involvement - below average across all three groups (mean z -0.35), no feature in either quartile",3.0236,0.7781,0.1636,0.175438596491228,0.0,0.4385964912280701,2.3684210526315788,0.4385964912280701,1.0526315789473684,1.0526315789473684,0.4385964912280701,0.175438596491228,60.0
David Møller Wolfe,Wolves,"MF,DF",23.0,1049,1,"Low involvement - below average across all three groups (mean z -0.35), no feature in either quartile",3.0747,0.9539,0.2098,0.0,0.1709401709401709,0.2564102564102564,2.735042735042735,0.5982905982905983,0.4273504273504274,0.8547008547008548,0.3418803418803419,0.0854700854700854,0.0
Aaron Wan-Bissaka,West Ham United,"DF,MF",27.0,2081,1,"Low involvement - below average across all three groups (mean z -0.35), no feature in either quartile",3.0797,0.3242,0.1059,0.0,0.0865800865800865,0.0,1.8614718614718613,1.7748917748917747,1.0389610389610389,0.9956709956709956,0.5194805194805194,0.1731601731601731,0.0
Piero Hincapié,Arsenal,DF,23.0,1792,1,"Low involvement - below average across all three groups (mean z -0.35), no feature in either quartile",3.1933,0.8151,0.1892,0.050251256281407,0.100502512562814,0.1507537688442211,1.6582914572864322,1.306532663316583,1.306532663316583,0.9045226130653268,0.7035175879396985,0.100502512562814,66.7
Valentino Livramento,Newcastle United,DF,22.0,1328,1,"Low involvement - below average across all three groups (mean z -0.35), no feature in either quartile",3.205,0.8595,0.192,0.0,0.0675675675675675,0.2027027027027027,2.4324324324324325,0.1351351351351351,0.945945945945946,0.4729729729729729,1.081081081081081,0.0675675675675675,0.0
Ayden Heaven,Manchester Utd,DF,18.0,924,1,"Low involvement - below average across all three groups (mean z -0.35), no feature in either quartile",3.2093,0.4911,0.1325,0.0,0.0970873786407767,0.2912621359223301,0.0970873786407767,0.0970873786407767,1.262135922330097,0.6796116504854368,0.8737864077669902,0.1941747572815534,0.0
Hugo Bueno,Wolves,"MF,DF",22.0,2366,1,"Low involvement - below average across all three groups (mean z -0.35), no feature in either quartile",3.2365,0.2343,0.0814,0.0380228136882129,0.0760456273764258,0.6083650190114068,6.311787072243346,1.254752851711027,1.3307984790874523,0.6463878326996197,0.9125475285171104,0.1140684410646387,37.5
Santiago Bueno,Wolves,DF,26.0,2553,1,"Low involvement - below average across all three groups (mean z -0.35), no feature in either quartile",3.2762,0.9794,0.2146,0.1056338028169014,0.0352112676056338,0.352112676056338,0.2112676056338028,0.9507042253521129,1.0563380281690142,1.0211267605633805,0.3873239436619718,0.1408450704225352,70.0
Jacob Bruun Larsen,Burnley,"MF,FW",26.0,1030,1,"Low involvement - below average across all three groups (mean z -0.35), no feature in either quartile",3.3094,0.6548,0.1432,0.0,0.087719298245614,1.4912280701754386,3.684210526315789,0.5263157894736842,0.2631578947368421,0.087719298245614,0.0,0.0,23.5
Victor Lindelöf,Aston Villa,"DF,MF",31.0,948,1,"Low involvement - below average across all three groups (mean z -0.35), no feature in either quartile",3.3871,1.9391,0.3202,0.0,0.0952380952380952,0.2857142857142857,0.0,0.7619047619047619,0.2857142857142857,0.1904761904761904,0.0,0.0,0.0
Quilindschy Hartman,Burnley,DF,23.0,1825,1,"Low involvement - below average across all three groups (mean z -0.35), no feature in either quartile",3.4042,0.7828,0.1628,0.0,0.2463054187192118,0.4433497536945812,3.645320197044335,1.5763546798029555,1.5270935960591132,0.6403940886699507,0.147783251231527,0.0492610837438423,33.3
Chemsdine Talbi,Sunderland,"MF,FW",20.0,1561,1,"Low involvement - below average across all three groups (mean z -0.35), no feature in either quartile",3.4913,0.1684,0.0334,0.2312138728323699,0.0578034682080924,1.445086705202312,2.890173410404624,0.1734104046242774,0.3468208092485549,0.2890173410404624,0.0578034682080924,0.0,40.0
Kyle Walker-Peters,West Ham United,DF,28.0,1383,1,"Low involvement - below average across all three groups (mean z -0.35), no feature in either quartile",3.7225,0.1554,0.0666,0.0649350649350649,0.0,0.3246753246753247,1.2987012987012987,0.5844155844155844,1.948051948051948,0.7792207792207793,1.6233766233766234,0.1298701298701298,60.0
Kieran Trippier,Newcastle United,DF,34.0,1586,1,"Low involvement - below average across all three groups (mean z -0.35), no feature in either quartile",3.7854,0.0844,0.0495,0.0,0.0568181818181818,0.1136363636363636,5.454545454545454,0.3977272727272727,0.7386363636363635,1.25,1.0795454545454544,0.1704545454545454,0.0
Marc Cucurella,Chelsea,DF,27.0,2707,2,"High tackles won, fouls, yellow cards",1.1177,1.1678,0.1215,0.0332225913621262,0.1328903654485049,0.6644518272425249,1.362126245847176,0.9302325581395348,1.32890365448505,1.495016611295681,0.9634551495016612,0.2657807308970099,30.0
Jayden Bogle,Leeds United,"MF,DF",25.0,2793,2,"High tackles won, fouls, yellow cards",1.2438,0.4689,-0.0084,0.032258064516129,0.064516129032258,0.5806451612903226,2.161290322580645,0.967741935483871,1.3870967741935485,1.2580645161290325,0.935483870967742,0.1935483870967742,22.2
Ethan Ampadu,Leeds United,MF,24.0,3119,2,"High tackles won, fouls, yellow cards",1.2953,1.1967,0.1355,0.0288184438040345,0.0288184438040345,0.7492795389048991,0.7204610951008645,1.440922190201729,1.3256484149855907,1.440922190201729,1.037463976945245,0.2881844380403458,23.1
Álex Jiménez,Bournemouth,"DF,MF",20.0,2317,2,"High tackles won, fouls, yellow cards",1.4775,1.6238,0.2216,0.0389105058365758,0.0,0.8171206225680934,1.9844357976653697,1.050583657587549,1.7509727626459144,1.3618677042801557,0.7782101167315175,0.3891050583657587,19.0
Mateus Fernandes,West Ham United,MF,21.0,3016,2,"High tackles won, fouls, yellow cards",1.5963,1.5756,0.2203,0.0895522388059701,0.1194029850746268,0.835820895522388,1.5223880597014925,1.0746268656716418,2.0,1.462686567164179,1.462686567164179,0.208955223880597,28.6
Trai Hume,Sunderland,"DF,MF",23.0,3036,2,"High tackles won, fouls, yellow cards",1.6001,0.4117,-0.0059,0.059347181008902,0.029673590504451,1.0089020771513353,2.611275964391691,0.7418397626112759,1.3649851632047476,0.890207715133531,1.127596439169139,0.2670623145400593,20.6
Yehor Yarmoliuk,Brentford,MF,21.0,2659,2,"High tackles won, fouls, yellow cards",1.661,0.2643,-0.0335,0.0338983050847457,0.0677966101694915,0.5423728813559322,1.0169491525423728,0.9491525423728814,1.5593220338983051,1.2542372881355932,0.4067796610169492,0.2372881355932203,25.0
Luke Shaw,Manchester Utd,DF,30.0,3219,2,"High tackles won, fouls, yellow cards",1.6806,0.1756,-0.0601,0.0279329608938547,0.0279329608938547,0.2793296089385475,1.5083798882681565,1.2011173184357542,1.2569832402234635,1.340782122905028,0.558659217877095,0.2513966480446927,30.0
Ibrahim Sangaré,Nottingham Forest,MF,27.0,2075,2,"High tackles won, fouls, yellow cards",1.6854,0.9456,0.1098,0.0865800865800865,0.0865800865800865,0.6926406926406926,0.3463203463203463,0.9523809523809524,1.3852813852813852,1.818181818181818,0.7792207792207791,0.2164502164502164,31.3
Jurriën Timber,Arsenal,DF,24.0,2454,2,"High tackles won, fouls, yellow cards",1.6991,0.608,0.0448,0.1098901098901098,0.1831501831501831,0.9157509157509156,1.684981684981685,0.8791208791208791,1.282051282051282,1.391941391941392,1.0622710622710625,0.1831501831501831,28.0
Adam Wharton,Crystal Palace,MF,21.0,2552,2,"High tackles won, fouls, yellow cards",1.7545,0.6445,0.0644,0.0352112676056338,0.176056338028169,1.1267605633802815,3.028169014084507,0.9507042253521129,1.267605633802817,1.2323943661971832,1.091549295774648,0.2112676056338028,18.8
Nordi Mukiele,Sunderland,DF,27.0,2784,2,"High tackles won, fouls, yellow cards",1.7582,0.319,-0.0171,0.0970873786407767,0.0970873786407767,0.8414239482200647,2.750809061488673,1.197411003236246,1.4563106796116505,1.132686084142395,0.8414239482200647,0.1618122977346278,15.4
Mats Wieffer,Brighton,DF,25.0,1903,2,"High tackles won, fouls, yellow cards",1.7918,1.7875,0.2518,0.0947867298578199,0.1421800947867298,0.8530805687203791,0.8056872037914692,1.1374407582938388,2.037914691943128,1.4218009478672984,1.0426540284360188,0.3791469194312796,33.3
Jefferson Lerma,Crystal Palace,"MF,DF",30.0,1733,2,"High tackles won, fouls, yellow cards",1.8244,0.8566,0.0797,0.0,0.1036269430051813,0.9844559585492229,0.6217616580310881,1.2953367875647668,0.932642487046632,1.2953367875647668,1.243523316062176,0.3626943005181347,36.8
Josh Laurent,Burnley,"DF,MF",30.0,1764,2,"High tackles won, fouls, yellow cards",1.8366,1.0412,0.1311,0.0510204081632653,0.0,0.7653061224489796,0.7142857142857142,1.4285714285714284,1.2755102040816326,1.5816326530612244,0.5612244897959183,0.3571428571428571,26.7
Nicolás González,Manchester City,MF,23.0,1569,2,"High tackles won, fouls, yellow cards",1.8639,1.7187,0.2494,0.0574712643678161,0.0,0.8045977011494253,0.1724137931034483,1.3793103448275863,1.7241379310344829,1.7241379310344829,1.0344827586206895,0.3448275862068966,14.3
Destiny Udogie,Tottenham Hotspur,"DF,MF",22.0,1339,2,"High tackles won, fouls, yellow cards",1.8642,0.622,0.0435,0.0,0.0671140939597315,0.2684563758389262,1.812080536912752,0.4697986577181208,1.342281879194631,1.140939597315436,1.4765100671140938,0.2684563758389262,25.0
Andrey Santos,Chelsea,MF,21.0,1260,2,"High tackles won, fouls, yellow cards",1.8792,0.81,0.084,0.0714285714285714,0.0,0.7857142857142857,0.1428571428571428,1.2857142857142858,1.5,0.9285714285714286,1.5714285714285714,0.2857142857142857,18.2
André,Wolves,MF,24.0,2762,2,"High tackles won, fouls, yellow cards",1.9153,1.5799,0.2249,0.0325732899022801,0.0,0.4885993485342019,1.3029315960912051,0.8143322475570033,1.3680781758957654,1.530944625407166,1.4006514657980456,0.3908794788273615,6.7
Daichi Kamada,Crystal Palace,MF,28.0,1902,2,"High tackles won, fouls, yellow cards",1.9381,0.7036,0.0762,0.0,0.0,0.9004739336492891,1.990521327014218,0.6635071090047393,1.658767772511848,1.4218009478672984,1.3270142180094786,0.1421800947867298,21.1
Bernardo Silva,Manchester City,MF,30.0,2872,2,"High tackles won, fouls, yellow cards",1.9432,0.1336,-0.0547,0.0626959247648902,0.1253918495297805,0.9404388714733544,2.2570532915360504,0.658307210031348,0.877742946708464,1.1285266457680252,0.6896551724137931,0.3134796238244514,23.3
Riccardo Calafiori,Arsenal,DF,23.0,1699,2,"High tackles won, fouls, yellow cards",2.0073,0.2695,-0.0182,0.0529100529100529,0.1058201058201058,1.6931216931216932,1.1111111111111112,0.6878306878306879,1.0052910052910051,1.3756613756613758,0.5291005291005292,0.2645502645502646,25.0
Joe Willock,Newcastle United,MF,25.0,983,2,"High tackles won, fouls, yellow cards",2.01,0.6486,0.1235,0.0,0.18348623853211,1.5596330275229358,1.4678899082568806,0.6422018348623852,1.3761467889908257,1.4678899082568806,1.0091743119266054,0.2752293577981651,35.3
Alex Scott,Bournemouth,MF,21.0,2849,2,"High tackles won, fouls, yellow cards",2.0521,0.7522,0.1032,0.0946372239747634,0.0315457413249211,1.38801261829653,2.77602523659306,1.1041009463722398,1.1987381703470033,1.4195583596214512,1.892744479495268,0.1577287066246056,29.5
Matty Cash,Aston Villa,DF,27.0,3014,2,"High tackles won, fouls, yellow cards",2.0658,0.2374,-0.021,0.0895522388059701,0.0895522388059701,0.8955223880597015,3.91044776119403,0.7164179104477612,0.9552238805970148,1.2537313432835822,0.8955223880597015,0.2686567164179104,33.3
Rayan Aït-Nouri,Manchester City,DF,24.0,974,2,"High tackles won, fouls, yellow cards",2.0715,1.2424,0.1739,0.0,0.1851851851851851,0.9259259259259258,2.0370370370370368,1.2037037037037035,1.9444444444444444,1.574074074074074,0.9259259259259258,0.1851851851851851,20.0
Dan Burn,Newcastle United,DF,33.0,2199,2,"High tackles won, fouls, yellow cards",2.12,0.8898,0.104,0.040983606557377,0.0819672131147541,0.4098360655737705,0.5737704918032788,0.819672131147541,1.0655737704918034,1.475409836065574,0.5327868852459017,0.4508196721311475,30.0
Jacob Ramsey,Newcastle United,MF,24.0,1450,2,"High tackles won, fouls, yellow cards",2.1541,0.4024,0.0086,0.124223602484472,0.186335403726708,0.9937888198757764,0.4968944099378881,0.5590062111801242,1.3043478260869563,0.9937888198757764,0.8695652173913043,0.3105590062111801,25.0
Alexis Mac Allister,Liverpool,MF,26.0,2658,2,"High tackles won, fouls, yellow cards",2.1599,0.1917,-0.0352,0.0677966101694915,0.135593220338983,1.7627118644067796,0.6779661016949152,0.6101694915254238,0.9152542372881356,1.1864406779661016,1.0847457627118644,0.2372881355932203,23.1
Ian Maatsen,Aston Villa,DF,23.0,1605,2,"High tackles won, fouls, yellow cards",2.1794,0.0704,-0.0496,0.0,0.0561797752808988,1.1235955056179774,3.033707865168539,1.0112359550561798,1.7415730337078652,0.9550561797752808,1.0674157303370786,0.1123595505617977,25.0
Gabriel Gudmundsson,Leeds United,"DF,MF",26.0,2631,2,"High tackles won, fouls, yellow cards",2.2,0.8733,0.1121,0.0,0.0,0.6164383561643836,3.0136986301369864,0.9589041095890412,1.6095890410958904,1.0616438356164384,1.9178082191780823,0.2054794520547945,16.7
Daniel Muñoz,Crystal Palace,MF,29.0,2399,2,"High tackles won, fouls, yellow cards",2.2175,0.7086,0.074,0.149812734082397,0.1123595505617977,0.9737827715355806,2.322097378277153,0.898876404494382,1.797752808988764,1.2734082397003743,0.6741573033707865,0.2621722846441948,46.2
Nico O’Reilly,Manchester City,"DF,MF",20.0,2646,2,"High tackles won, fouls, yellow cards",2.2211,0.1592,-0.0326,0.1700680272108843,0.1020408163265306,1.3945578231292517,1.2925170068027212,0.6802721088435374,1.2244897959183674,1.530612244897959,0.6122448979591837,0.1700680272108843,36.6
James Justin,Leeds United,"DF,MF",27.0,1901,2,"High tackles won, fouls, yellow cards",2.235,0.3088,-0.004,0.0947867298578199,0.0473933649289099,1.1374407582938388,1.800947867298578,1.2322274881516586,1.800947867298578,0.6161137440758293,1.4691943127962084,0.1895734597156398,25.0
Carlos Baleba,Brighton,MF,21.0,1652,2,"High tackles won, fouls, yellow cards",2.2404,1.1099,0.1491,0.0,0.0,1.0869565217391306,0.0,1.5217391304347827,1.1413043478260871,1.6847826086956523,1.3043478260869563,0.2717391304347826,10.0
Noussair Mazraoui,Manchester Utd,"DF,MF",27.0,985,2,"High tackles won, fouls, yellow cards",2.2549,0.6822,0.0704,0.0,0.0,0.4587155963302752,1.1926605504587156,1.0091743119266054,1.3761467889908257,1.1009174311926606,1.2844036697247705,0.2752293577981651,0.0
Mason Mount,Manchester Utd,MF,26.0,1017,2,"High tackles won, fouls, yellow cards",2.256,0.4083,0.0357,0.2654867256637168,0.0,1.6814159292035398,1.9469026548672568,0.7964601769911503,1.1504424778761062,1.5044247787610618,1.0619469026548671,0.1769911504424778,26.3
Soungoutou Magassa,West Ham United,MF,21.0,981,2,"High tackles won, fouls, yellow cards",2.2649,1.851,0.2663,0.091743119266055,0.0,0.6422018348623852,0.8256880733944953,1.5596330275229358,2.110091743119266,1.5596330275229358,1.5596330275229358,0.3669724770642201,28.6
Yerson Mosquera,Wolves,DF,24.0,2136,2,"High tackles won, fouls, yellow cards",2.2693,1.9413,0.2739,0.0,0.0,1.2658227848101269,0.759493670886076,1.0548523206751057,1.518987341772152,1.4345991561181437,1.8565400843881856,0.5063291139240507,20.0
Kenny Tete,Fulham,DF,29.0,1791,2,"High tackles won, fouls, yellow cards",2.2875,0.8251,0.1061,0.050251256281407,0.0,0.8040201005025126,1.7085427135678393,1.306532663316583,1.9095477386934676,1.35678391959799,1.5577889447236182,0.100502512562814,18.8
Casemiro,Manchester Utd,MF,33.0,2571,2,"High tackles won, fouls, yellow cards",2.3113,1.3116,0.195,0.3146853146853147,0.0699300699300699,1.818181818181818,0.6643356643356643,1.048951048951049,1.573426573426573,1.6083916083916083,1.2587412587412588,0.3846153846153846,34.6
Conor Gallagher,Tottenham Hotspur,MF,25.0,1184,2,"High tackles won, fouls, yellow cards",2.3507,0.9361,0.1151,0.0757575757575757,0.0757575757575757,0.8333333333333334,1.7424242424242424,1.3636363636363638,1.0606060606060606,1.893939393939394,1.7424242424242424,0.1515151515151515,36.4
Rodri,Manchester City,MF,29.0,1511,2,"High tackles won, fouls, yellow cards",2.4394,0.2255,-0.0216,0.0595238095238095,0.0,0.9523809523809524,0.2976190476190476,0.7142857142857143,1.488095238095238,0.8333333333333333,1.8452380952380951,0.1785714285714285,18.8
Reinildo Mandava,Sunderland,DF,31.0,1966,2,"High tackles won, fouls, yellow cards",2.4678,1.092,0.1475,0.0,0.0458715596330275,0.18348623853211,1.055045871559633,1.3302752293577982,1.055045871559633,1.4678899082568806,1.6055045871559632,0.3211009174311926,0.0
Joelinton,Newcastle United,MF,28.0,1951,2,"High tackles won, fouls, yellow cards",2.5126,1.7514,0.2478,0.0921658986175115,0.0460829493087557,1.4746543778801844,0.5069124423963134,1.2903225806451613,1.0599078341013826,2.119815668202765,1.2442396313364057,0.4608294930875576,34.4
Nicolás Domínguez,Nottingham Forest,MF,27.0,1175,2,"High tackles won, fouls, yellow cards",2.5211,0.9015,0.1224,0.0763358778625954,0.0763358778625954,1.3740458015267176,1.068702290076336,0.4580152671755725,2.290076335877863,1.2213740458015268,0.8396946564885497,0.2290076335877862,27.8
Moisés Caicedo,Chelsea,MF,23.0,2795,2,"High tackles won, fouls, yellow cards",2.5332,1.6685,0.2365,0.0964630225080385,0.0321543408360128,0.8681672025723473,0.2572347266881029,1.8971061093247588,1.5112540192926045,1.7363344051446945,1.7684887459807073,0.3536977491961414,25.9
Will Hughes,Crystal Palace,MF,30.0,1571,2,"High tackles won, fouls, yellow cards",2.5418,1.1193,0.1516,0.0,0.0,0.9714285714285714,2.571428571428572,0.8571428571428571,0.9142857142857144,1.3714285714285714,1.4285714285714286,0.4,0.0
Joël Veltman,Brighton,DF,33.0,1057,2,"High tackles won, fouls, yellow cards",2.5871,1.1338,0.1531,0.0854700854700854,0.0,0.3418803418803419,1.5384615384615383,1.623931623931624,1.4529914529914532,0.8547008547008548,1.8803418803418803,0.4273504273504274,25.0
Ryan Christie,Bournemouth,MF,30.0,993,2,"High tackles won, fouls, yellow cards",2.5891,1.2277,0.1994,0.1818181818181818,0.0,2.272727272727273,1.5454545454545454,1.0,1.818181818181818,1.4545454545454546,2.0,0.2727272727272727,32.0
Rodrigo Bentancur,Tottenham Hotspur,MF,28.0,1883,2,"High tackles won, fouls, yellow cards",2.5986,0.4127,0.0225,0.0478468899521531,0.0478468899521531,0.6220095693779905,0.3349282296650718,1.722488038277512,1.722488038277512,0.9090909090909092,0.3827751196172249,0.3349282296650718,23.1
Lewis Hall,Newcastle United,DF,20.0,2181,2,"High tackles won, fouls, yellow cards",2.6102,0.0423,-0.0511,0.0413223140495867,0.0413223140495867,1.0330578512396695,4.214876033057851,1.1983471074380163,1.28099173553719,0.7024793388429752,1.6528925619834711,0.1652892561983471,24.0
Elliot Anderson,Nottingham Forest,MF,22.0,3331,2,"High tackles won, fouls, yellow cards",2.611,0.6079,0.1069,0.1081081081081081,0.1081081081081081,1.1891891891891893,4.72972972972973,1.108108108108108,1.6216216216216215,1.5405405405405406,2.1621621621621623,0.2162162162162162,22.7
Cristian Romero,Tottenham Hotspur,DF,27.0,1868,2,"High tackles won, fouls, yellow cards",2.6436,1.4524,0.2053,0.1923076923076923,0.048076923076923,0.8173076923076923,0.048076923076923,1.4903846153846154,1.4423076923076923,1.5384615384615383,0.7692307692307692,0.5288461538461539,35.3
João Gomes,Wolves,MF,24.0,2829,2,"High tackles won, fouls, yellow cards",2.6464,1.9442,0.2725,0.0318471337579617,0.0318471337579617,0.6050955414012739,0.9872611464968152,1.1464968152866242,2.165605095541401,2.1974522292993632,1.5605095541401277,0.3184713375796179,36.8
Kevin Danso,Tottenham Hotspur,DF,26.0,1494,2,"High tackles won, fouls, yellow cards",2.682,0.7252,0.087,0.0,0.0,0.6626506024096385,0.4216867469879518,1.506024096385542,0.7831325301204819,1.2650602409638554,0.7831325301204819,0.4819277108433734,18.2
João Palhinha,Tottenham Hotspur,MF,30.0,2199,2,"High tackles won, fouls, yellow cards",2.6931,1.5411,0.2197,0.2049180327868852,0.0819672131147541,1.352459016393443,0.1639344262295082,1.1475409836065575,2.5,1.1475409836065575,1.475409836065574,0.3278688524590164,27.3
Neco Williams,Nottingham Forest,DF,24.0,3204,2,"High tackles won, fouls, yellow cards",2.7162,0.3325,0.0115,0.0561797752808988,0.0842696629213483,1.2921348314606742,4.01685393258427,1.2921348314606742,1.7134831460674156,0.8146067415730337,1.4606741573033708,0.1685393258426966,41.3
Adam Smith,Bournemouth,DF,34.0,1077,2,"High tackles won, fouls, yellow cards",2.7454,0.5534,0.0458,0.0,0.1666666666666666,0.0,1.0833333333333333,0.8333333333333334,1.0,1.5833333333333333,0.9166666666666666,0.25,0.0
Pape Matar Sarr,Tottenham Hotspur,MF,22.0,1397,2,"High tackles won, fouls, yellow cards",2.7695,0.641,0.1032,0.1290322580645161,0.2580645161290322,1.096774193548387,0.5161290322580645,0.9032258064516128,1.3548387096774193,1.870967741935484,0.8387096774193549,0.1935483870967742,35.3
Conor Bradley,Liverpool,DF,22.0,929,2,"High tackles won, fouls, yellow cards",2.8177,2.0138,0.2765,0.0,0.0970873786407767,0.5825242718446602,2.233009708737864,1.1650485436893203,1.4563106796116505,1.7475728155339805,1.9417475728155336,0.4854368932038834,0.0
Hwang Hee-chan,Wolves,"FW,MF",29.0,1446,2,"High tackles won, fouls, yellow cards",2.8455,0.2771,0.0096,0.124223602484472,0.124223602484472,1.1801242236024845,1.1801242236024845,0.7453416149068323,0.248447204968944,1.7391304347826086,1.1180124223602483,0.3105590062111801,31.6
Florentino Luís,Burnley,MF,25.0,2105,2,"High tackles won, fouls, yellow cards",2.855,1.0828,0.1516,0.0,0.0854700854700854,0.5555555555555556,0.4700854700854701,1.7094017094017095,2.094017094017094,1.7094017094017095,0.3418803418803419,0.2564102564102564,15.4
Cristhian Mosquera,Arsenal,DF,21.0,994,2,"High tackles won, fouls, yellow cards",2.8987,1.1038,0.1547,0.0,0.0,0.0909090909090909,0.2727272727272727,0.7272727272727273,1.9090909090909087,1.5454545454545454,0.6363636363636364,0.3636363636363636,0.0
Diego Gómez,Brighton,"MF,FW",22.0,2120,2,"High tackles won, fouls, yellow cards",2.9253,1.6299,0.2305,0.211864406779661,0.0423728813559322,1.7796610169491525,0.9745762711864406,0.8050847457627118,2.0762711864406778,2.0762711864406778,0.4661016949152542,0.3813559322033898,33.3
Lucas Paquetá,West Ham United,"MF,FW",27.0,1511,2,"High tackles won, fouls, yellow cards",2.9817,0.5445,0.0801,0.238095238095238,0.0595238095238095,1.369047619047619,2.142857142857143,0.4166666666666666,1.3095238095238095,1.607142857142857,1.7857142857142856,0.4166666666666666,47.8
James Garner,Everton,"MF,DF",24.0,3413,2,"High tackles won, fouls, yellow cards",3.0188,0.8022,0.1432,0.0527704485488126,0.1846965699208443,1.187335092348285,5.408970976253299,1.503957783641161,1.899736147757256,1.029023746701847,1.108179419525066,0.316622691292876,31.1
Sean Longstaff,Leeds United,MF,27.0,1011,2,"High tackles won, fouls, yellow cards",3.0243,0.1601,0.0378,0.1785714285714285,0.1785714285714285,1.4285714285714286,4.821428571428572,1.0714285714285714,2.142857142857143,1.1607142857142858,1.517857142857143,0.1785714285714285,25.0
Reece James,Chelsea,"DF,MF",25.0,1963,2,"High tackles won, fouls, yellow cards",3.0939,0.1286,0.0283,0.091743119266055,0.18348623853211,1.0091743119266054,5.779816513761467,1.4678899082568806,1.5137614678899085,1.1926605504587156,1.0091743119266054,0.18348623853211,31.8
Antonee Robinson,Fulham,"DF,MF",27.0,1492,2,"High tackles won, fouls, yellow cards",3.1139,0.558,0.0602,0.0602409638554216,0.0,0.36144578313253,4.63855421686747,1.686746987951807,1.867469879518072,0.9036144578313252,0.5421686746987951,0.3012048192771084,16.7
Jhon Arias,Wolves,"FW,MF",27.0,1124,2,"High tackles won, fouls, yellow cards",3.2559,0.9141,0.126,0.08,0.0,1.28,2.4,0.56,2.16,2.08,0.72,0.08,18.8
Lamare Bogarde,Aston Villa,"MF,DF",21.0,1053,2,"High tackles won, fouls, yellow cards",3.2621,1.2781,0.1748,0.0,0.0,0.0,0.1709401709401709,0.3418803418803419,1.623931623931624,1.4529914529914532,1.7094017094017095,0.4273504273504274,0.0
Justin Kluivert,Bournemouth,MF,26.0,952,2,"High tackles won, fouls, yellow cards",3.2692,0.6583,0.0842,0.1886792452830188,0.0,1.6037735849056605,3.7735849056603774,0.3773584905660377,0.6603773584905661,1.69811320754717,0.9433962264150944,0.4716981132075472,23.5
Vitaly Janelt,Brentford,MF,27.0,1444,2,"High tackles won, fouls, yellow cards",3.3027,1.0919,0.1414,0.0625,0.25,0.75,3.8125,1.6875,1.0625,1.25,0.8125,0.5,25.0
Randal Kolo Muani,Tottenham Hotspur,"FW,MF",26.0,1664,2,"High tackles won, fouls, yellow cards",3.3491,0.4294,0.0401,0.054054054054054,0.054054054054054,1.0810810810810811,0.972972972972973,0.1081081081081081,0.8648648648648649,2.216216216216216,0.918918918918919,0.1621621621621621,20.0
Jean-Ricner Bellegarde,Wolves,"MF,FW",27.0,1248,2,"High tackles won, fouls, yellow cards",3.3867,0.4126,0.0566,0.0719424460431654,0.0719424460431654,1.5107913669064748,1.7985611510791366,0.6474820143884892,1.079136690647482,1.4388489208633093,2.949640287769784,0.3597122302158273,33.3
Saša Lukić,Fulham,MF,28.0,1734,2,"High tackles won, fouls, yellow cards",3.4422,1.657,0.2387,0.0518134715025906,0.1036269430051813,0.932642487046632,3.523316062176166,0.8290155440414507,1.450777202072539,2.7461139896373057,1.2953367875647668,0.466321243523316,33.3
Boubacar Kamara,Aston Villa,MF,25.0,1411,2,"High tackles won, fouls, yellow cards",3.4441,0.326,0.0028,0.0636942675159235,0.1910828025477707,0.445859872611465,0.1273885350318471,0.9554140127388536,1.019108280254777,1.019108280254777,1.910828025477707,0.3184713375796179,57.1
Tyler Adams,Bournemouth,MF,26.0,1773,2,"High tackles won, fouls, yellow cards",3.4511,0.8099,0.0944,0.1015228426395939,0.1015228426395939,0.5076142131979695,0.1522842639593908,1.5228426395939088,1.218274111675127,1.8274111675126905,0.6598984771573604,0.4060913705583756,60.0
Wesley Fofana,Chelsea,DF,24.0,1722,2,"High tackles won, fouls, yellow cards",3.4958,0.6797,0.0815,0.0,0.0523560209424083,0.4188481675392669,0.1047120418848167,1.9895287958115184,0.5759162303664921,1.413612565445026,0.8900523560209423,0.4712041884816753,12.5
Pedro Porro,Tottenham Hotspur,DF,25.0,2796,2,"High tackles won, fouls, yellow cards",3.5024,0.432,0.0702,0.0321543408360128,0.0643086816720257,1.0289389067524115,7.459807073954984,0.9967845659163986,1.607717041800643,1.0289389067524115,0.8360128617363344,0.3215434083601286,25.0
Jorrel Hato,Chelsea,DF,19.0,1148,2,"High tackles won, fouls, yellow cards",3.5203,0.8689,0.1176,0.0,0.0,0.3125,0.546875,1.328125,1.484375,1.171875,0.15625,0.546875,0.0
Emi Buendía,Aston Villa,MF,28.0,1755,2,"High tackles won, fouls, yellow cards",3.648,0.1595,-0.0081,0.3076923076923077,0.1025641025641025,2.5128205128205128,0.5128205128205128,0.6666666666666666,1.3846153846153846,2.102564102564102,2.3076923076923075,0.3076923076923077,26.5
Tim Iroegbunam,Everton,MF,22.0,1487,2,"High tackles won, fouls, yellow cards",3.6782,2.0519,0.267,0.0,0.1212121212121212,0.7272727272727273,0.1818181818181818,1.3333333333333333,2.6666666666666665,1.7575757575757576,1.2121212121212122,0.5454545454545454,8.3
Jorge Cuenca,Fulham,DF,25.0,938,2,"High tackles won, fouls, yellow cards",4.0741,0.4191,0.0409,0.0,0.0,0.0961538461538461,0.1923076923076923,1.4423076923076923,0.9615384615384616,0.9615384615384616,0.0961538461538461,0.5769230769230769,0.0
Hannibal Mejbri,Burnley,MF,22.0,1229,2,"High tackles won, fouls, yellow cards",5.7214,0.4972,0.0599,0.072992700729927,0.291970802919708,1.3868613138686132,2.18978102189781,0.5109489051094891,1.2408759124087592,1.6788321167883211,3.3576642335766427,0.7299270072992701,26.3
Marcus Tavernier,Bournemouth,MF,26.0,2732,3,"High assists, crosses, fouls drawn",1.2493,1.1289,0.1454,0.2302631578947368,0.131578947368421,2.3026315789473686,3.75,0.5263157894736842,0.6907894736842105,1.0197368421052633,1.1513157894736843,0.1973684210526315,34.3
Kiernan Dewsbury-Hall,Everton,MF,26.0,2626,3,"High assists, crosses, fouls drawn",1.3614,1.4918,0.211,0.273972602739726,0.136986301369863,1.3356164383561644,3.8356164383561646,0.4794520547945206,0.8904109589041096,1.095890410958904,1.6438356164383563,0.2054794520547945,38.5
Keane Lewis-Potter,Brentford,"DF,MF",24.0,1972,3,"High assists, crosses, fouls drawn",1.48,1.4121,0.193,0.136986301369863,0.136986301369863,1.4155251141552512,3.150684931506849,0.4566210045662101,0.6392694063926941,0.6849315068493151,1.6438356164383563,0.045662100456621,29.0
Phil Foden,Manchester City,MF,25.0,2086,3,"High assists, crosses, fouls drawn",1.5816,1.7305,0.2521,0.3017241379310345,0.2155172413793103,2.3706896551724137,5.129310344827586,0.4310344827586207,0.6896551724137931,0.7758620689655172,1.3362068965517242,0.1724137931034483,34.5
Kevin,Fulham,MF,22.0,1041,3,"High assists, crosses, fouls drawn",1.6238,1.4366,0.2019,0.0862068965517241,0.0862068965517241,2.155172413793104,3.706896551724138,0.7758620689655172,0.8620689655172414,1.206896551724138,1.4655172413793105,0.0862068965517241,40.0
Brenden Aaronson,Leeds United,"MF,FW",24.0,2449,3,"High assists, crosses, fouls drawn",1.7396,1.3383,0.1804,0.1470588235294117,0.1838235294117647,1.7279411764705883,1.3602941176470589,0.625,0.9926470588235294,0.7352941176470589,1.875,0.1102941176470588,36.2
Amad Diallo,Manchester Utd,MF,23.0,2341,3,"High assists, crosses, fouls drawn",1.7547,0.999,0.1264,0.0769230769230769,0.1153846153846153,2.0384615384615383,1.7692307692307692,0.5769230769230769,0.8846153846153846,0.9230769230769232,1.4615384615384617,0.0769230769230769,43.4
John McGinn,Aston Villa,MF,30.0,2137,3,"High assists, crosses, fouls drawn",1.7739,1.4498,0.2123,0.2109704641350211,0.1687763713080168,1.181434599156118,3.459915611814346,0.5063291139240507,0.7172995780590717,1.3080168776371308,2.0253164556962027,0.2109704641350211,42.9
Jarrod Bowen,West Ham United,"MF,FW",28.0,3403,3,"High assists, crosses, fouls drawn",1.7832,2.0203,0.2919,0.2380952380952381,0.291005291005291,2.08994708994709,3.915343915343916,0.7142857142857143,0.7407407407407408,0.5026455026455027,1.2962962962962965,0.1058201058201058,35.4
Yeremi Pino,Crystal Palace,"MF,FW",22.0,2080,3,"High assists, crosses, fouls drawn",1.7888,1.0308,0.1416,0.0865800865800865,0.0865800865800865,1.948051948051948,3.41991341991342,0.3463203463203463,0.8658008658008658,1.2987012987012987,1.0389610389610389,0.1731601731601731,24.4
Jaidon Anthony,Burnley,MF,25.0,2722,3,"High assists, crosses, fouls drawn",1.7998,0.3165,0.0103,0.2649006622516556,0.0662251655629139,1.8211920529801324,2.6490066225165565,0.5298013245033113,0.695364238410596,0.8940397350993378,1.5562913907284768,0.1324503311258278,41.8
Maxim De Cuyper,Brighton,"DF,MF",24.0,1415,3,"High assists, crosses, fouls drawn",1.8273,1.5643,0.2159,0.1273885350318471,0.1910828025477707,0.8280254777070064,4.904458598726115,0.7006369426751593,0.6369426751592357,1.1464968152866242,1.337579617834395,0.1273885350318471,46.2
Dango Ouattara,Brentford,MF,23.0,2276,3,"High assists, crosses, fouls drawn",1.8292,1.0581,0.152,0.2766798418972332,0.1185770750988142,2.2134387351778657,4.229249011857707,0.9486166007905138,0.5533596837944664,1.067193675889328,1.541501976284585,0.1976284584980237,35.7
Dominik Szoboszlai,Liverpool,"MF,DF",24.0,3231,3,"High assists, crosses, fouls drawn",1.882,1.6211,0.2597,0.1671309192200557,0.1949860724233983,1.977715877437326,5.73816155988858,0.807799442896936,0.8913649025069639,1.16991643454039,0.8356545961002786,0.2228412256267409,32.4
Loum Tchaouna,Burnley,"MF,FW",21.0,1272,3,"High assists, crosses, fouls drawn",1.938,0.4663,0.0409,0.1418439716312056,0.0709219858156028,1.6312056737588654,2.4113475177304964,0.1418439716312056,0.6382978723404256,0.851063829787234,1.1347517730496457,0.1418439716312056,39.1
Leandro Trossard,Arsenal,"FW,MF",30.0,2000,3,"High assists, crosses, fouls drawn",1.9475,1.3937,0.1981,0.2702702702702703,0.2702702702702703,2.3873873873873874,2.612612612612613,0.4054054054054054,0.6756756756756757,0.5855855855855856,1.7567567567567568,0.0900900900900901,28.3
Alejandro Garnacho,Chelsea,MF,21.0,1268,3,"High assists, crosses, fouls drawn",1.9502,2.4423,0.3361,0.0709219858156028,0.2836879432624113,2.3404255319148937,4.326241134751773,0.2836879432624113,0.9219858156028368,0.6382978723404256,1.6312056737588654,0.1418439716312056,21.2
Dan Ndoye,Nottingham Forest,MF,24.0,1173,3,"High assists, crosses, fouls drawn",2.0001,0.49,0.0286,0.0769230769230769,0.0769230769230769,1.1538461538461535,3.1538461538461537,0.7692307692307693,0.8461538461538461,1.2307692307692308,1.6923076923076923,0.0769230769230769,26.7
Cody Gakpo,Liverpool,"MF,FW",26.0,2737,3,"High assists, crosses, fouls drawn",2.0263,0.3436,0.0057,0.2302631578947368,0.1644736842105263,2.861842105263158,2.8289473684210527,0.3947368421052631,0.493421052631579,1.381578947368421,1.4473684210526316,0.0986842105263157,24.1
Enzo Fernández,Chelsea,MF,24.0,3115,3,"High assists, crosses, fouls drawn",2.0274,0.064,-0.0419,0.2890173410404624,0.1156069364161849,2.0809248554913293,2.572254335260116,0.5780346820809248,0.6936416184971098,1.0404624277456649,1.3005780346820808,0.2890173410404624,43.1
Georginio Rutter,Brighton,"MF,FW",23.0,1786,3,"High assists, crosses, fouls drawn",2.0996,0.3941,0.0187,0.1515151515151515,0.1515151515151515,2.121212121212121,1.0101010101010102,0.5555555555555556,0.9595959595959596,1.5151515151515151,1.7171717171717171,0.101010101010101,33.3
Yankuba Minteh,Brighton,MF,21.0,2391,3,"High assists, crosses, fouls drawn",2.1935,1.228,0.1949,0.112781954887218,0.150375939849624,1.5413533834586466,5.977443609022556,0.5639097744360902,1.3909774436090223,1.2030075187969924,0.8270676691729323,0.112781954887218,26.8
Noni Madueke,Arsenal,"FW,MF",23.0,1211,3,"High assists, crosses, fouls drawn",2.2219,1.2959,0.2051,0.2222222222222222,0.074074074074074,1.851851851851852,5.925925925925926,0.3703703703703703,0.7407407407407407,1.1111111111111112,1.1111111111111112,0.0,36.0
Anthony Gordon,Newcastle United,FW,24.0,1795,3,"High assists, crosses, fouls drawn",2.2361,0.5654,0.0597,0.3015075376884422,0.100502512562814,2.412060301507538,3.4673366834170856,0.1507537688442211,0.6532663316582915,0.6532663316582915,2.0100502512562817,0.1507537688442211,41.7
Harry Wilson,Fulham,MF,28.0,2673,3,"High assists, crosses, fouls drawn",2.2424,1.1336,0.1619,0.3367003367003367,0.2356902356902357,2.6262626262626263,3.872053872053872,0.5387205387205387,0.6397306397306397,0.4377104377104377,1.245791245791246,0.2356902356902357,32.1
Enzo Le Fée,Sunderland,"MF,FW",25.0,2930,3,"High assists, crosses, fouls drawn",2.2548,0.1672,0.0003,0.1533742331288343,0.1840490797546012,1.1042944785276072,3.0061349693251533,0.8588957055214723,1.7177914110429446,0.950920245398773,1.134969325153374,0.1533742331288343,33.3
Florian Wirtz,Liverpool,MF,22.0,2378,3,"High assists, crosses, fouls drawn",2.265,0.1239,-0.0335,0.1893939393939394,0.1136363636363636,1.9318181818181817,1.2121212121212122,0.4545454545454546,0.9848484848484848,0.8333333333333334,0.7196969696969697,0.0378787878787878,35.3
Bukayo Saka,Arsenal,"FW,MF",23.0,2222,3,"High assists, crosses, fouls drawn",2.298,1.3409,0.1951,0.2834008097165992,0.2024291497975708,2.8744939271255063,4.939271255060729,0.6477732793522267,0.7692307692307693,1.3360323886639676,2.1862348178137654,0.0809716599190283,38.0
Xavi Simons,Tottenham Hotspur,"MF,FW",22.0,1755,3,"High assists, crosses, fouls drawn",2.3002,1.1075,0.1798,0.1025641025641025,0.2564102564102564,2.1538461538461537,2.6153846153846154,0.7692307692307693,1.0256410256410255,1.0769230769230769,2.2564102564102564,0.2564102564102564,23.8
Anton Stach,Leeds United,MF,26.0,2370,3,"High assists, crosses, fouls drawn",2.3178,1.1244,0.1877,0.1901140684410646,0.1140684410646387,2.091254752851711,5.893536121673003,0.7224334600760456,1.3307984790874523,1.368821292775665,0.9125475285171104,0.1140684410646387,25.5
Marcus Edwards,Burnley,"MF,FW",26.0,1067,3,"High assists, crosses, fouls drawn",2.3404,1.3516,0.1948,0.0840336134453781,0.2521008403361344,1.9327731092436973,1.5966386554621848,0.2521008403361344,0.5042016806722689,0.5882352941176471,1.512605042016807,0.0,26.1
Iliman Ndiaye,Everton,MF,25.0,2778,3,"High assists, crosses, fouls drawn",2.343,0.4431,0.0177,0.1941747572815534,0.0970873786407767,1.3915857605177997,1.7799352750809063,0.5501618122977346,1.2944983818770228,0.970873786407767,1.197411003236246,0.0647249190938511,51.2
Callum Hudson-Odoi,Nottingham Forest,MF,24.0,1841,3,"High assists, crosses, fouls drawn",2.3698,1.0842,0.1572,0.1463414634146341,0.1951219512195122,1.4634146341463414,4.439024390243903,0.3902439024390244,0.3414634146341463,0.5853658536585366,0.5853658536585366,0.0,33.3
Pedro Neto,Chelsea,"MF,FW",25.0,2631,3,"High assists, crosses, fouls drawn",2.3899,1.8371,0.2709,0.1712328767123287,0.2054794520547945,1.5753424657534247,6.301369863013699,0.2054794520547945,0.3767123287671233,0.5821917808219178,0.8561643835616438,0.136986301369863,28.3
Mikkel Damsgaard,Brentford,MF,25.0,2054,3,"High assists, crosses, fouls drawn",2.413,0.6413,0.0586,0.175438596491228,0.175438596491228,1.2719298245614037,4.166666666666667,1.0526315789473684,1.4912280701754386,0.7894736842105263,1.0087719298245614,0.0,37.9
Mathys Tel,Tottenham Hotspur,"MF,FW",20.0,1349,3,"High assists, crosses, fouls drawn",2.4517,1.1926,0.1856,0.2666666666666666,0.0666666666666666,2.333333333333333,6.133333333333334,0.3333333333333333,0.8,1.2666666666666666,1.5333333333333334,0.0666666666666666,22.9
Jeremie Frimpong,Liverpool,"DF,MF",24.0,1040,3,"High assists, crosses, fouls drawn",2.4684,0.5593,0.0498,0.0,0.0862068965517241,0.8620689655172414,4.396551724137932,0.5172413793103449,0.7758620689655172,0.6896551724137931,1.8103448275862069,0.0862068965517241,20.0
Gabriel Martinelli,Arsenal,"FW,MF",24.0,1081,3,"High assists, crosses, fouls drawn",2.5027,1.4813,0.2118,0.0833333333333333,0.3333333333333333,2.4166666666666665,3.083333333333333,0.0833333333333333,0.6666666666666666,0.8333333333333334,1.1666666666666667,0.25,44.8
Declan Rice,Arsenal,MF,26.0,3094,3,"High assists, crosses, fouls drawn",2.6123,0.0761,-0.0441,0.1162790697674418,0.1453488372093023,1.162790697674419,5.145348837209302,0.9593023255813954,0.9593023255813954,0.7558139534883721,0.3197674418604651,0.0872093023255814,32.5
Omari Hutchinson,Nottingham Forest,MF,21.0,1688,3,"High assists, crosses, fouls drawn",2.6123,2.1213,0.2942,0.0531914893617021,0.2659574468085106,1.3297872340425532,7.074468085106383,0.5851063829787234,0.5851063829787234,1.2234042553191489,1.276595744680851,0.0531914893617021,44.0
Joshua King,Fulham,MF,18.0,1308,3,"High assists, crosses, fouls drawn",2.6126,0.6907,0.0898,0.0689655172413793,0.1379310344827586,1.793103448275862,0.8275862068965517,0.2068965517241379,0.8275862068965517,0.896551724137931,2.0689655172413794,0.2758620689655172,42.3
Habib Diarra,Sunderland,MF,21.0,1405,3,"High assists, crosses, fouls drawn",2.6569,0.5181,0.0558,0.1282051282051282,0.1282051282051282,1.6666666666666667,2.0512820512820515,0.2564102564102564,0.4487179487179487,1.217948717948718,1.7307692307692308,0.3846153846153846,30.8
Pascal Groß,Brighton,MF,34.0,1636,3,"High assists, crosses, fouls drawn",2.7184,1.0685,0.1485,0.0549450549450549,0.1648351648351648,0.989010989010989,6.538461538461538,0.6043956043956045,0.934065934065934,0.934065934065934,0.6593406593406593,0.1098901098901098,50.0
Mohammed Kudus,Tottenham Hotspur,"MF,FW",24.0,1535,3,"High assists, crosses, fouls drawn",2.7227,2.0853,0.3039,0.1169590643274853,0.2923976608187134,1.52046783625731,7.134502923976608,0.175438596491228,0.9941520467836256,1.3450292397660817,0.8771929824561403,0.175438596491228,34.6
Jacob Murphy,Newcastle United,"FW,MF",30.0,1617,3,"High assists, crosses, fouls drawn",2.729,1.6049,0.2389,0.1666666666666666,0.1111111111111111,2.333333333333333,6.944444444444445,0.3333333333333333,0.6666666666666666,0.5,0.7222222222222222,0.1111111111111111,31.0
Mateus Mane,Wolves,MF,17.0,1795,3,"High assists, crosses, fouls drawn",2.742,1.0341,0.1565,0.1507537688442211,0.050251256281407,2.0603015075376887,4.723618090452262,0.2512562814070352,0.6532663316582915,1.306532663316583,2.361809045226131,0.0,41.5
Samuel Chukwueze,Fulham,MF,26.0,1079,3,"High assists, crosses, fouls drawn",2.7564,1.429,0.2114,0.25,0.3333333333333333,2.083333333333333,3.583333333333333,0.5,0.3333333333333333,0.4166666666666667,1.0,0.0,28.0
Wilson Odobert,Tottenham Hotspur,"MF,FW",20.0,985,3,"High assists, crosses, fouls drawn",2.8549,0.8618,0.1143,0.0,0.18348623853211,1.926605504587156,2.568807339449541,0.0,0.7339449541284403,0.18348623853211,0.9174311926605504,0.0,38.1
Anthony Elanga,Newcastle United,"FW,MF",23.0,1319,3,"High assists, crosses, fouls drawn",2.8631,0.9883,0.1374,0.0,0.0680272108843537,1.1564625850340136,5.646258503401361,0.2040816326530612,0.7482993197278912,0.54421768707483,1.7006802721088436,0.0,23.5
Lucas Digne,Aston Villa,DF,32.0,1852,3,"High assists, crosses, fouls drawn",2.8992,0.7867,0.0934,0.0,0.2912621359223301,0.6796116504854368,5.242718446601941,0.6310679611650485,1.262135922330097,0.6796116504854368,0.5825242718446602,0.145631067961165,35.7
Crysencio Summerville,West Ham United,"MF,FW",23.0,2470,3,"High assists, crosses, fouls drawn",3.016,0.2057,0.038,0.1824817518248175,0.072992700729927,1.9708029197080288,2.153284671532847,0.5474452554744526,0.9489051094890512,1.7883211678832118,2.445255474452555,0.218978102189781,27.8
Mohamed Salah,Liverpool,MF,33.0,2146,3,"High assists, crosses, fouls drawn",3.0552,1.1551,0.1701,0.2941176470588235,0.2941176470588235,2.857142857142857,4.915966386554621,0.1260504201680672,0.5042016806722689,0.4201680672268907,0.6722689075630252,0.042016806722689,27.9
Brennan Johnson,Crystal Palace,"MF,FW",24.0,1112,3,"High assists, crosses, fouls drawn",3.0815,0.07,0.0024,0.0,0.0806451612903225,1.3709677419354838,3.629032258064516,0.1612903225806451,0.564516129032258,1.4516129032258065,0.8870967741935484,0.3225806451612903,17.6
Youri Tielemans,Aston Villa,MF,28.0,1862,3,"High assists, crosses, fouls drawn",3.1113,0.2357,0.0207,0.0,0.1932367149758454,1.1594202898550725,2.1739130434782608,0.7729468599033816,1.884057971014493,1.207729468599034,1.9323671497584545,0.0,29.2
Jeremy Doku,Manchester City,"MF,FW",23.0,1784,3,"High assists, crosses, fouls drawn",3.1918,1.3456,0.19,0.2525252525252525,0.2525252525252525,1.9696969696969695,3.131313131313131,0.6060606060606061,0.8080808080808081,1.1616161616161615,3.080808080808081,0.0,38.5
Martin Ødegaard,Arsenal,MF,26.0,1369,3,"High assists, crosses, fouls drawn",3.4195,0.872,0.1118,0.0657894736842105,0.3947368421052631,1.4473684210526316,1.4473684210526316,0.4605263157894737,0.5921052631578948,0.5921052631578948,0.5921052631578948,0.0,36.4
Bruno Guimarães,Newcastle United,MF,27.0,2453,3,"High assists, crosses, fouls drawn",3.6136,0.779,0.1074,0.3296703296703296,0.1831501831501831,1.5384615384615383,3.003663003663004,0.5860805860805861,1.5018315018315018,1.6483516483516485,2.7472527472527477,0.2197802197802197,54.8
Amine Adli,Bournemouth,MF,25.0,1093,3,"High assists, crosses, fouls drawn",3.6826,0.0942,0.0051,0.2479338842975206,0.0826446280991735,1.6528925619834711,3.2231404958677685,0.4958677685950413,1.4049586776859504,2.396694214876033,1.900826446280992,0.1652892561983471,45.0
Lucas Bergvall,Tottenham Hotspur,MF,19.0,965,3,"High assists, crosses, fouls drawn",3.7174,0.1717,0.0074,0.0934579439252336,0.2803738317757009,1.121495327102804,1.7757009345794394,0.2803738317757009,1.3084112149532712,2.242990654205608,0.6542056074766356,0.1869158878504673,41.7
Jack Grealish,Everton,MF,29.0,1627,3,"High assists, crosses, fouls drawn",3.7873,1.2464,0.1829,0.1104972375690607,0.3314917127071823,1.43646408839779,2.154696132596685,0.6077348066298343,0.8287292817679557,0.718232044198895,3.2044198895027622,0.2762430939226519,30.8
David Brooks,Bournemouth,MF,28.0,1204,3,"High assists, crosses, fouls drawn",3.9765,0.9278,0.1372,0.0746268656716417,0.2238805970149253,3.582089552238806,4.402985074626866,0.2985074626865671,0.9701492537313432,0.8208955223880596,0.9701492537313432,0.5223880597014925,27.1
Patrick Dorgu,Manchester Utd,MF,20.0,1449,3,"High assists, crosses, fouls drawn",4.0172,0.251,0.0341,0.248447204968944,0.248447204968944,1.5527950310559004,3.540372670807453,0.9937888198757764,1.8633540372670805,1.4285714285714284,2.919254658385093,0.3105590062111801,44.0
Rayan Cherki,Manchester City,MF,21.0,1786,3,"High assists, crosses, fouls drawn",4.839,1.686,0.2058,0.202020202020202,0.6060606060606061,2.7777777777777777,4.040404040404041,0.3535353535353535,0.8080808080808081,0.9090909090909092,1.7171717171717171,0.0505050505050505,23.6
Bruno Fernandes,Manchester Utd,MF,30.0,3063,3,"High assists, crosses, fouls drawn",4.9938,1.8023,0.2162,0.2647058823529412,0.6176470588235294,2.5,5.323529411764706,0.6176470588235294,1.0294117647058822,0.7058823529411765,1.0294117647058822,0.1470588235294117,28.2
